"ID","X","Y"
"3447/5420",8.28951519576363,48.9152002193692
"3447/5420",8.27587297273381,48.915115442482
"3447/5420",8.27574308911662,48.924106856422
"3447/5420",8.28938776072564,48.9241916599949
"3447/5420",8.28951519576363,48.9152002193692
"3447/5421",8.28938776072564,48.9241916599949
"3447/5421",8.27574308911662,48.924106856422
"3447/5421",8.27561314108439,48.9330982560404
"3447/5421",8.28926026248676,48.9331830863085
"3447/5421",8.28938776072564,48.9241916599949
"3447/5422",8.28926026248676,48.9331830863085
"3447/5422",8.27561314108439,48.9330982560404
"3447/5422",8.27548312859608,48.9420896413377
"3447/5422",8.2891327010067,48.9421744983105
"3447/5422",8.28926026248676,48.9331830863085
"3447/5423",8.2891327010067,48.9421744983105
"3447/5423",8.27548312859608,48.9420896413377
"3447/5423",8.27535305161058,48.9510810123143
"3447/5423",8.28900507624515,48.9511658960013
"3447/5423",8.2891327010067,48.9421744983105
"3447/5424",8.28900507624515,48.9511658960013
"3447/5424",8.27535305161058,48.9510810123143
"3447/5424",8.27522291008678,48.9600723689707
"3447/5424",8.28887738816175,48.9601572793815
"3447/5424",8.28900507624515,48.9511658960013
"3447/5425",8.28887738816175,48.9601572793815
"3447/5425",8.27522291008678,48.9600723689707
"3447/5425",8.27509270398352,48.9690637113074
"3447/5425",8.28874963671614,48.9691486484516
"3447/5425",8.28887738816175,48.9601572793815
"3447/5426",8.28874963671614,48.9691486484516
"3447/5426",8.27509270398352,48.9690637113074
"3447/5426",8.2749624332596,48.978055039325
"3447/5426",8.28862182186788,48.9781400032121
"3447/5426",8.28874963671614,48.9691486484516
"3447/5427",8.28862182186788,48.9781400032121
"3447/5427",8.2749624332596,48.978055039325
"3447/5427",8.27483209787378,48.9870463530239
"3447/5427",8.2884939435765,48.9871313436635
"3447/5427",8.28862182186788,48.9781400032121
"3447/5428",8.2884939435765,48.9871313436635
"3447/5428",8.27483209787378,48.9870463530239
"3447/5428",8.2747016977848,48.9960376524046
"3447/5428",8.28836600180155,48.9961226698063
"3447/5428",8.2884939435765,48.9871313436635
"3447/5429",8.28836600180155,48.9961226698063
"3447/5429",8.2747016977848,48.9960376524046
"3447/5429",8.27457123295135,49.0050289374676
"3447/5429",8.28823799650245,49.0051139816409
"3447/5429",8.28836600180155,48.9961226698063
"3451/5420",8.34408470735504,48.9155231908908
"3451/5420",8.33044223896324,48.9154448684501
"3451/5420",8.33032214990123,48.9244363860855
"3451/5420",8.34396706702858,48.9245147331804
"3451/5420",8.34408470735504,48.9155231908908
"3451/5421",8.34396706702858,48.9245147331804
"3451/5421",8.33032214990123,48.9244363860855
"3451/5421",8.33020200128096,48.9334278894364
"3451/5421",8.34384936835812,48.9335062611942
"3451/5421",8.34396706702858,48.9245147331804
"3451/5422",8.34384936835812,48.9335062611942
"3451/5422",8.33020200128096,48.9334278894364
"3451/5422",8.33008179306446,48.9424193785031
"3451/5422",8.34373161130649,48.9424977749327
"3451/5422",8.34384936835812,48.9335062611942
"3451/5423",8.34373161130649,48.9424977749327
"3451/5423",8.33008179306446,48.9424193785031
"3451/5423",8.32996152521375,48.9514108532863
"3451/5423",8.34361379583647,48.9514892743964
"3451/5423",8.34373161130649,48.9424977749327
"3451/5424",8.34361379583647,48.9514892743964
"3451/5424",8.32996152521375,48.9514108532863
"3451/5424",8.32984119769078,48.9604023137863
"3451/5424",8.3434959219108,48.9604807595858
"3451/5424",8.34361379583647,48.9514892743964
"3451/5425",8.3434959219108,48.9604807595858
"3451/5425",8.32984119769078,48.9604023137863
"3451/5425",8.32972081045753,48.9693937600039
"3451/5425",8.34337798949221,48.9694722305016
"3451/5425",8.3434959219108,48.9604807595858
"3451/5426",8.34337798949221,48.9694722305016
"3451/5426",8.32972081045753,48.9693937600039
"3451/5426",8.32960036347587,48.9783851919394
"3451/5426",8.34325999854338,48.9784636871441
"3451/5426",8.34337798949221,48.9694722305016
"3451/5427",8.34325999854338,48.9784636871441
"3451/5427",8.32960036347587,48.9783851919394
"3451/5427",8.3294798567077,48.9873766095934
"3451/5427",8.34314194902696,48.987455129514
"3451/5427",8.34325999854338,48.9784636871441
"3451/5428",8.34314194902696,48.987455129514
"3451/5428",8.3294798567077,48.9873766095934
"3451/5428",8.32935929011484,48.9963680129664
"3451/5428",8.34302384090558,48.9964465576118
"3451/5428",8.34314194902696,48.987455129514
"3451/5429",8.34302384090558,48.9964465576118
"3451/5429",8.32935929011484,48.9963680129664
"3451/5429",8.32923866365912,49.005359402059
"3451/5429",8.3429056741418,49.0054379714379
"3451/5429",8.34302384090558,48.9964465576118
"3451/5430",8.3429056741418,49.0054379714379
"3451/5430",8.32923866365912,49.005359402059
"3451/5430",8.3291179773023,49.0143507768716
"3451/5430",8.34278744869819,49.014429370993
"3451/5430",8.3429056741418,49.0054379714379
"3451/5431",8.34278744869819,49.014429370993
"3451/5431",8.3291179773023,49.0143507768716
"3451/5431",8.32899723100612,49.0233421374048
"3451/5431",8.34266916453727,49.0234207562775
"3451/5431",8.34278744869819,49.014429370993
"3451/5432",8.34266916453727,49.0234207562775
"3451/5432",8.32899723100612,49.0233421374048
"3451/5432",8.32887642473228,49.0323334836592
"3451/5432",8.34255082162151,49.0324121272921
"3451/5432",8.34266916453727,49.0234207562775
"3451/5433",8.34255082162151,49.0324121272921
"3451/5433",8.32887642473228,49.0323334836592
"3451/5433",8.32875555844246,49.0413248156353
"3451/5433",8.34243241991338,49.0414034840372
"3451/5433",8.34255082162151,49.0324121272921
"3451/5434",8.34243241991338,49.0414034840372
"3451/5434",8.32875555844246,49.0413248156353
"3451/5434",8.32863463209829,49.0503161333335
"3451/5434",8.3423139593753,49.0503948265133
"3451/5434",8.34243241991338,49.0414034840372
"3451/5435",8.3423139593753,49.0503948265133
"3451/5435",8.32863463209829,49.0503161333335
"3451/5435",8.32851364566139,49.0593074367544
"3451/5435",8.34219543996964,49.0593861547211
"3451/5435",8.3423139593753,49.0503948265133
"3451/5436",8.34219543996964,49.0593861547211
"3451/5436",8.32851364566139,49.0593074367544
"3451/5436",8.3283925990933,49.0682987258987
"3451/5436",8.34207686165876,49.0683774686611
"3451/5436",8.34219543996964,49.0593861547211
"3451/5437",8.34207686165876,49.0683774686611
"3451/5437",8.3283925990933,49.0682987258987
"3451/5437",8.32827149235559,49.0772900007667
"3451/5437",8.34195822440498,49.0773687683337
"3451/5437",8.34207686165876,49.0683774686611
"3451/5438",8.34195822440498,49.0773687683337
"3451/5438",8.32827149235559,49.0772900007667
"3451/5438",8.32815032540973,49.0862812613591
"3451/5438",8.3418395281706,49.0863600537396
"3451/5438",8.34195822440498,49.0773687683337
"3460/5420",8.46686940105704,48.9161554764357
"3460/5420",8.45322645159383,48.9160916774654
"3460/5420",8.4531284024242,48.9250833987027
"3460/5420",8.46677380092948,48.9251472177556
"3460/5420",8.46686940105704,48.9161554764357
"3460/5421",8.46677380092948,48.9251472177556
"3460/5421",8.4531284024242,48.9250833987027
"3460/5421",8.45303030462592,48.9340751057281
"3460/5421",8.46667815338782,48.9341389448708
"3460/5421",8.46677380092948,48.9251472177556
"3460/5422",8.46667815338782,48.9341389448708
"3460/5422",8.45303030462592,48.9340751057281
"3460/5422",8.452932158168,48.9430667985421
"3460/5422",8.46658245840184,48.9431306577818
"3460/5422",8.46667815338782,48.9341389448708
"3460/5423",8.46658245840184,48.9431306577818
"3460/5423",8.452932158168,48.9430667985421
"3460/5423",8.45283396301942,48.9520584771453
"3460/5423",8.4664867159413,48.9521223564892
"3460/5423",8.46658245840184,48.9431306577818
"3460/5424",8.4664867159413,48.9521223564892
"3460/5424",8.45283396301942,48.9520584771453
"3460/5424",8.45273571914913,48.9610501415383
"3460/5424",8.46639092597593,48.9611140409935
"3460/5424",8.4664867159413,48.9521223564892
"3460/5425",8.46639092597593,48.9611140409935
"3460/5425",8.45273571914913,48.9610501415383
"3460/5425",8.45263742652606,48.9700417917216
"3460/5425",8.46629508847541,48.9701057112954
"3460/5425",8.46639092597593,48.9611140409935
"3458/5420",8.43958355072828,48.9160262647158
"3458/5420",8.42594069967413,48.9159592382011
"3458/5420",8.42583775251403,48.9249509177492
"3458/5420",8.43948305254754,48.9250179653625
"3458/5420",8.43958355072828,48.9160262647158
"3458/5421",8.43948305254754,48.9250179653625
"3458/5421",8.42583775251403,48.9249509177492
"3458/5421",8.42573475429626,48.9339425830704
"3458/5421",8.43938250452363,48.9340096517899
"3458/5421",8.43948305254754,48.9250179653625
"3458/5422",8.43938250452363,48.9340096517899
"3458/5422",8.42573475429626,48.9339425830704
"3458/5422",8.4256317049883,48.9429342341655
"3458/5422",8.43928190662479,48.9430013239985
"3458/5422",8.43938250452363,48.9340096517899
"3458/5423",8.43928190662479,48.9430013239985
"3458/5423",8.4256317049883,48.9429342341655
"3458/5423",8.42552860455756,48.9519258710348
"3458/5423",8.43918125881922,48.951992981989
"3458/5423",8.43928190662479,48.9430013239985
"3458/5424",8.43918125881922,48.951992981989
"3458/5424",8.42552860455756,48.9519258710348
"3458/5424",8.42542545297145,48.9609174936789
"3458/5424",8.4390805610751,48.960984625762
"3458/5424",8.43918125881922,48.951992981989
"3458/5425",8.4390805610751,48.960984625762
"3458/5425",8.42542545297145,48.9609174936789
"3458/5425",8.42532225019735,48.9699091020985
"3458/5425",8.43897981336057,48.9699762553179
"3458/5425",8.4390805610751,48.960984625762
"3458/5426",8.43897981336057,48.9699762553179
"3458/5426",8.42532225019735,48.9699091020985
"3458/5426",8.42521899620259,48.9789006962941
"3458/5426",8.43887901564376,48.9789678706573
"3458/5426",8.43897981336057,48.9699762553179
"3458/5427",8.43887901564376,48.9789678706573
"3458/5427",8.42521899620259,48.9789006962941
"3458/5427",8.42511569095449,48.9878922762662
"3458/5427",8.43877816789275,48.9879594717809
"3458/5427",8.43887901564376,48.9789678706573
"3458/5428",8.43877816789275,48.9879594717809
"3458/5428",8.42511569095449,48.9878922762662
"3458/5428",8.42501233442033,48.9968838420155
"3458/5428",8.43867727007561,48.9969510586891
"3458/5428",8.43877816789275,48.9879594717809
"3458/5429",8.43867727007561,48.9969510586891
"3458/5429",8.42501233442033,48.9968838420155
"3458/5429",8.42490892656738,49.0058753935424
"3458/5429",8.43857632216038,49.0059426313827
"3458/5429",8.43867727007561,48.9969510586891
"3458/5430",8.43857632216038,49.0059426313827
"3458/5430",8.42490892656738,49.0058753935424
"3458/5430",8.42480546736286,49.0148669308476
"3458/5430",8.43847532411505,49.014934189862
"3458/5430",8.43857632216038,49.0059426313827
"3458/5431",8.43847532411505,49.014934189862
"3458/5431",8.42480546736286,49.0148669308476
"3458/5431",8.42470195677396,49.0238584539316
"3458/5431",8.43837427590762,49.0239257341278
"3458/5431",8.43847532411505,49.014934189862
"3458/5432",8.43837427590762,49.0239257341278
"3458/5432",8.42470195677396,49.0238584539316
"3458/5432",8.42459839476786,49.0328499627949
"3458/5432",8.43827317750603,49.0329172641804
"3458/5432",8.43837427590762,49.0239257341278
"3458/5433",8.43827317750603,49.0329172641804
"3458/5433",8.42459839476786,49.0328499627949
"3458/5433",8.4244947813117,49.0418414574382
"3458/5433",8.4381720288782,49.0419087800207
"3458/5433",8.43827317750603,49.0329172641804
"3458/5434",8.4381720288782,49.0419087800207
"3458/5434",8.4244947813117,49.0418414574382
"3458/5434",8.42439111637258,49.0508329378621
"3458/5434",8.43807082999203,49.0509002816491
"3458/5434",8.4381720288782,49.0419087800207
"3458/5435",8.43807082999203,49.0509002816491
"3458/5435",8.42439111637258,49.0508329378621
"3458/5435",8.4242873999176,49.059824404067
"3458/5435",8.43796958081538,49.0598917690662
"3458/5435",8.43807082999203,49.0509002816491
"3458/5436",8.43796958081538,49.0598917690662
"3458/5436",8.4242873999176,49.059824404067
"3458/5436",8.4241836319138,49.0688158560536
"3458/5436",8.43786828131608,49.0688832422725
"3458/5436",8.43796958081538,49.0598917690662
"3458/5437",8.43786828131608,49.0688832422725
"3458/5437",8.4241836319138,49.0688158560536
"3458/5437",8.42407981232821,49.0778072938225
"3458/5437",8.43776693146195,49.0778747012688
"3458/5437",8.43786828131608,49.0688832422725
"3458/5438",8.43776693146195,49.0778747012688
"3458/5438",8.42407981232821,49.0778072938225
"3458/5438",8.42397594112782,49.0867987173742
"3458/5438",8.43766553122077,49.0868661460554
"3458/5438",8.43776693146195,49.0778747012688
"3458/5439",8.43766553122077,49.0868661460554
"3458/5439",8.42397594112782,49.0867987173742
"3458/5439",8.4238720182796,49.0957901267093
"3458/5439",8.43756408056028,49.0958575766332
"3458/5439",8.43766553122077,49.0868661460554
"3458/5440",8.43756408056028,49.0958575766332
"3458/5440",8.4238720182796,49.0957901267093
"3458/5440",8.42376804375049,49.1047815218283
"3458/5440",8.43746257944821,49.1048489930025
"3458/5440",8.43756408056028,49.0958575766332
"3464/5420",8.52144166061056,48.9163945342502
"3464/5420",8.50779852889474,48.916337190533
"3464/5420",8.50771027607145,48.9253289890529
"3464/5420",8.52135585694549,48.9253863508207
"3464/5420",8.52144166061056,48.9163945342502
"3464/5421",8.52135585694549,48.9253863508207
"3464/5421",8.50771027607145,48.9253289890529
"3464/5421",8.50762197947787,48.9343207733885
"3464/5421",8.52127001072476,48.9343781532134
"3464/5421",8.52135585694549,48.9253863508207
"3464/5422",8.52127001072476,48.9343781532134
"3464/5422",8.50762197947787,48.9343207733885
"3464/5422",8.50753363908611,48.9433125435403
"3464/5422",8.52118412192127,48.9433699414287
"3464/5422",8.52127001072476,48.9343781532134
"3464/5423",8.52118412192127,48.9433699414287
"3464/5423",8.50753363908611,48.9433125435403
"3464/5423",8.50744525486822,48.952304299509
"3464/5423",8.52109819050787,48.9523617154674
"3464/5423",8.52118412192127,48.9433699414287
"3464/5424",8.52109819050787,48.9523617154674
"3464/5424",8.50744525486822,48.952304299509
"3464/5424",8.50735682679628,48.9612960412951
"3464/5424",8.52101221645738,48.96135347533
"3464/5424",8.52109819050787,48.9523617154674
"3464/5425",8.52101221645738,48.96135347533
"3464/5425",8.50735682679628,48.9612960412951
"3464/5425",8.5072683548423,48.9702877688992
"3464/5425",8.52092619974261,48.970345221017
"3464/5425",8.52101221645738,48.96135347533
"3464/5426",8.52092619974261,48.970345221017
"3464/5426",8.5072683548423,48.9702877688992
"3464/5426",8.50717983897829,48.979279482322
"3464/5426",8.52084014033633,48.9793369525292
"3464/5426",8.52092619974261,48.970345221017
"3464/5427",8.52084014033633,48.9793369525292
"3464/5427",8.50717983897829,48.979279482322
"3464/5427",8.50709127917623,48.9882711815639
"3464/5427",8.52075403821131,48.988328669867
"3464/5427",8.52084014033633,48.9793369525292
"3464/5428",8.52075403821131,48.988328669867
"3464/5428",8.50709127917623,48.9882711815639
"3464/5428",8.50700267540807,48.9972628666257
"3464/5428",8.52066789334028,48.9973203730311
"3464/5428",8.52075403821131,48.988328669867
"3464/5429",8.52066789334028,48.9973203730311
"3464/5429",8.50700267540807,48.9972628666257
"3464/5429",8.50691402764574,49.0062545375078
"3464/5429",8.52058170569594,49.006312062022
"3464/5429",8.52066789334028,48.9973203730311
"3464/5430",8.52058170569594,49.006312062022
"3464/5430",8.50691402764574,49.0062545375078
"3464/5430",8.50682533586115,49.015246194211
"3464/5430",8.52049547525097,49.0153037368405
"3464/5430",8.52058170569594,49.006312062022
"3464/5431",8.52049547525097,49.0153037368405
"3464/5431",8.50682533586115,49.015246194211
"3464/5431",8.50673660002617,49.0242378367357
"3464/5431",8.52040920197804,49.024295397487
"3464/5431",8.52049547525097,49.0153037368405
"3464/5432",8.52040920197804,49.024295397487
"3464/5432",8.50673660002617,49.0242378367357
"3464/5432",8.50664782011266,49.0332294650826
"3464/5432",8.52032288584979,49.0332870439622
"3464/5432",8.52040920197804,49.024295397487
"3464/5433",8.52032288584979,49.0332870439622
"3464/5433",8.50664782011266,49.0332294650826
"3464/5433",8.50655899609246,49.0422210792523
"3464/5433",8.52023652683882,49.0422786762666
"3464/5433",8.52032288584979,49.0332870439622
"3464/5434",8.52023652683882,49.0422786762666
"3464/5434",8.50655899609246,49.0422210792523
"3464/5434",8.50647012793735,49.0512126792454
"3464/5434",8.52015012491772,49.051270294401
"3464/5434",8.52023652683882,49.0422786762666
"3464/5435",8.52015012491772,49.051270294401
"3464/5435",8.50647012793735,49.0512126792454
"3464/5435",8.50638121561913,49.0602042650624
"3464/5435",8.52006368005906,49.0602618983659
"3464/5435",8.52015012491772,49.051270294401
"3464/5436",8.52006368005906,49.0602618983659
"3464/5436",8.50638121561913,49.0602042650624
"3464/5436",8.50629225910954,49.0691958367041
"3464/5436",8.51997719223536,49.0692534881619
"3464/5436",8.52006368005906,49.0602618983659
"3464/5437",8.51997719223536,49.0692534881619
"3464/5437",8.50629225910954,49.0691958367041
"3464/5437",8.50620325838032,49.078187394171
"3464/5437",8.51989066141915,49.0782450637896
"3464/5437",8.51997719223536,49.0692534881619
"3464/5438",8.51989066141915,49.0782450637896
"3464/5438",8.50620325838032,49.078187394171
"3464/5438",8.50611421340317,49.0871789374636
"3464/5438",8.51980408758292,49.0872366252496
"3464/5438",8.51989066141915,49.0782450637896
"3464/5439",8.51980408758292,49.0872366252496
"3464/5439",8.50611421340317,49.0871789374636
"3464/5439",8.50602512414978,49.0961704665827
"3464/5439",8.51971747069912,49.0962281725425
"3464/5439",8.51980408758292,49.0872366252496
"3464/5440",8.51971747069912,49.0962281725425
"3464/5440",8.50602512414978,49.0961704665827
"3464/5440",8.50593599059179,49.1051619815288
"3464/5440",8.51963081074021,49.105219705669
"3464/5440",8.51971747069912,49.0962281725425
"3460/5426",8.46629508847541,48.9701057112954
"3460/5426",8.45263742652606,48.9700417917216
"3460/5426",8.4525390851191,48.9790334276959
"3460/5426",8.46619920340943,48.9790973673955
"3460/5426",8.46629508847541,48.9701057112954
"3460/5427",8.46619920340943,48.9790973673955
"3460/5427",8.4525390851191,48.9790334276959
"3460/5427",8.45244069489712,48.9880250494617
"3460/5427",8.46610327074764,48.9880890092942
"3460/5427",8.46619920340943,48.9790973673955
"3460/5428",8.46610327074764,48.9880890092942
"3460/5428",8.45244069489712,48.9880250494617
"3460/5428",8.45234225582896,48.9970166570195
"3460/5428",8.46600729045965,48.9970806369922
"3460/5428",8.46610327074764,48.9880890092942
"3460/5429",8.46600729045965,48.9970806369922
"3460/5429",8.45234225582896,48.9970166570195
"3460/5429",8.45224376788344,49.00600825037
"3460/5429",8.46591126251506,49.00607225049
"3460/5429",8.46600729045965,48.9970806369922
"3460/5430",8.46591126251506,49.00607225049
"3460/5430",8.45224376788344,49.00600825037
"3460/5430",8.45214523102934,49.0149998295137
"3460/5430",8.46581518688343,49.0150638497883
"3460/5430",8.46591126251506,49.00607225049
"3460/5431",8.46581518688343,49.0150638497883
"3460/5431",8.45214523102934,49.0149998295137
"3460/5431",8.45204664523542,49.0239913944512
"3460/5431",8.46571906353429,49.0240554348876
"3460/5431",8.46581518688343,49.0150638497883
"3460/5432",8.46571906353429,49.0240554348876
"3460/5432",8.45204664523542,49.0239913944512
"3460/5432",8.45194801047042,49.0329829451831
"3460/5432",8.46562289243717,49.0330470057885
"3460/5432",8.46571906353429,49.0240554348876
"3460/5433",8.46562289243717,49.0330470057885
"3460/5433",8.45194801047042,49.0329829451831
"3460/5433",8.45184932670303,49.04197448171
"3460/5433",8.46552667356155,49.0420385624916
"3460/5433",8.46562289243717,49.0330470057885
"3460/5434",8.46552667356155,49.0420385624916
"3460/5434",8.45184932670303,49.04197448171
"3460/5434",8.45175059390193,49.0509660040324
"3460/5434",8.46543040687687,49.0510301049975
"3460/5434",8.46552667356155,49.0420385624916
"3460/5435",8.46543040687687,49.0510301049975
"3460/5435",8.45175059390193,49.0509660040324
"3460/5435",8.45165181203577,49.0599575121509
"3460/5435",8.46533409235259,49.0600216333067
"3460/5435",8.46543040687687,49.0510301049975
"3460/5436",8.46533409235259,49.0600216333067
"3460/5436",8.45165181203577,49.0599575121509
"3460/5436",8.45155298107317,49.0689490060661
"3460/5436",8.46523772995809,49.06901314742
"3460/5436",8.46533409235259,49.0600216333067
"3460/5437",8.46523772995809,49.06901314742
"3460/5437",8.45155298107317,49.0689490060661
"3460/5437",8.45145410098272,49.0779404857787
"3460/5437",8.46514131966276,49.0780046473377
"3460/5437",8.46523772995809,49.06901314742
"3460/5438",8.46514131966276,49.0780046473377
"3460/5438",8.45145410098272,49.0779404857787
"3460/5438",8.45135517173299,49.0869319512891
"3460/5438",8.46504486143594,49.0869961330606
"3460/5438",8.46514131966276,49.0780046473377
"3460/5439",8.46504486143594,49.0869961330606
"3460/5439",8.45135517173299,49.0869319512891
"3460/5439",8.45125619329251,49.095923402598
"3460/5439",8.46494835524696,49.0959876045892
"3460/5439",8.46504486143594,49.0869961330606
"3460/5440",8.46494835524696,49.0959876045892
"3460/5440",8.45125619329251,49.095923402598
"3460/5440",8.4511571656298,49.1049148397059
"3460/5440",8.46485180106512,49.1049790619242
"3460/5440",8.46494835524696,49.0959876045892
"3452/5420",8.35772723405366,48.9155998996762
"3452/5420",8.34408470735504,48.9155231908908
"3452/5420",8.34396706702858,48.9245147331804
"3452/5420",8.35761204249989,48.9245914661121
"3452/5420",8.35772723405366,48.9155998996762
"3452/5421",8.35761204249989,48.9245914661121
"3452/5421",8.34396706702858,48.9245147331804
"3452/5421",8.34384936835812,48.9335062611942
"3452/5421",8.35749679381643,48.9335830182807
"3452/5421",8.35761204249989,48.9245914661121
"3452/5422",8.35749679381643,48.9335830182807
"3452/5422",8.34384936835812,48.9335062611942
"3452/5422",8.34373161130649,48.9424977749327
"3452/5422",8.35738148796689,48.9425745561827
"3452/5422",8.35749679381643,48.9335830182807
"3452/5423",8.35738148796689,48.9425745561827
"3452/5423",8.34373161130649,48.9424977749327
"3452/5423",8.34361379583647,48.9514892743964
"3452/5423",8.35726612491481,48.9515660798185
"3452/5423",8.35738148796689,48.9425745561827
"3452/5424",8.35726612491481,48.9515660798185
"3452/5424",8.34361379583647,48.9514892743964
"3452/5424",8.3434959219108,48.9604807595858
"3452/5424",8.35715070462372,48.9605575891887
"3452/5424",8.35726612491481,48.9515660798185
"3452/5425",8.35715070462372,48.9605575891887
"3452/5425",8.3434959219108,48.9604807595858
"3452/5425",8.34337798949221,48.9694722305016
"3452/5425",8.35703522705712,48.9695490842939
"3452/5425",8.35715070462372,48.9605575891887
"3452/5426",8.35703522705712,48.9695490842939
"3452/5426",8.34337798949221,48.9694722305016
"3452/5426",8.34325999854338,48.9784636871441
"3452/5426",8.35691969217847,48.9785405651345
"3452/5426",8.35703522705712,48.9695490842939
"3452/5427",8.35691969217847,48.9785405651345
"3452/5427",8.34325999854338,48.9784636871441
"3452/5427",8.34314194902696,48.987455129514
"3452/5427",8.35680409995118,48.9875320317111
"3452/5427",8.35691969217847,48.9785405651345
"3452/5428",8.35680409995118,48.9875320317111
"3452/5428",8.34314194902696,48.987455129514
"3452/5428",8.34302384090558,48.9964465576118
"3452/5428",8.35668845033867,48.9965234840242
"3452/5428",8.35680409995118,48.9875320317111
"3452/5429",8.35668845033867,48.9965234840242
"3452/5429",8.34302384090558,48.9964465576118
"3452/5429",8.3429056741418,49.0054379714379
"3452/5429",8.35657274330429,49.0055149220744
"3452/5429",8.35668845033867,48.9965234840242
"3452/5430",8.35657274330429,49.0055149220744
"3452/5430",8.3429056741418,49.0054379714379
"3452/5430",8.34278744869819,49.014429370993
"3452/5430",8.35645697881137,49.0145063458622
"3452/5430",8.35657274330429,49.0055149220744
"3452/5431",8.35645697881137,49.0145063458622
"3452/5431",8.34278744869819,49.014429370993
"3452/5431",8.34266916453727,49.0234207562775
"3452/5431",8.35634115682322,49.0234977553881
"3452/5431",8.35645697881137,49.0145063458622
"3452/5432",8.35634115682322,49.0234977553881
"3452/5432",8.34266916453727,49.0234207562775
"3452/5432",8.34255082162151,49.0324121272921
"3452/5432",8.3562252773031,49.0324891506528
"3452/5432",8.35634115682322,49.0234977553881
"3452/5433",8.3562252773031,49.0324891506528
"3452/5433",8.34255082162151,49.0324121272921
"3452/5433",8.34243241991338,49.0414034840372
"3452/5433",8.35610934021424,49.0414805316566
"3452/5433",8.3562252773031,49.0324891506528
"3452/5434",8.35610934021424,49.0414805316566
"3452/5434",8.34243241991338,49.0414034840372
"3452/5434",8.3423139593753,49.0503948265133
"3452/5434",8.35599334551985,49.0504718984003
"3452/5434",8.35610934021424,49.0414805316566
"3452/5435",8.35599334551985,49.0504718984003
"3452/5435",8.3423139593753,49.0503948265133
"3452/5435",8.34219543996964,49.0593861547211
"3452/5435",8.35587729318309,49.0594632508842
"3452/5435",8.35599334551985,49.0504718984003
"3452/5436",8.35587729318309,49.0594632508842
"3452/5436",8.34219543996964,49.0593861547211
"3452/5436",8.34207686165876,49.0683774686611
"3452/5436",8.3557611831671,49.0684545891091
"3452/5436",8.35587729318309,49.0594632508842
"3452/5437",8.3557611831671,49.0684545891091
"3452/5437",8.34207686165876,49.0683774686611
"3452/5437",8.34195822440498,49.0773687683337
"3452/5437",8.35564501543498,49.0774459130753
"3452/5437",8.3557611831671,49.0684545891091
"3452/5438",8.35564501543498,49.0774459130753
"3452/5438",8.34195822440498,49.0773687683337
"3452/5438",8.3418395281706,49.0863600537396
"3452/5438",8.3555287899498,49.0864372227835
"3452/5438",8.35564501543498,49.0774459130753
"3452/5439",8.3555287899498,49.0864372227835
"3452/5439",8.3418395281706,49.0863600537396
"3452/5439",8.34172077291785,49.0953513248792
"3452/5439",8.35541250667461,49.0954285182342
"3452/5439",8.3555287899498,49.0864372227835
"3457/5420",8.42594069967413,48.9159592382011
"3457/5420",8.41229789964511,48.915890597936
"3457/5420",8.41219250353815,48.9248822558775
"3457/5420",8.42583775251403,48.9249509177492
"3457/5420",8.42594069967413,48.9159592382011
"3457/5421",8.42583775251403,48.9249509177492
"3457/5421",8.41219250353815,48.9248822558775
"3457/5421",8.41208705515907,48.9338738995845
"3457/5421",8.42573475429626,48.9339425830704
"3457/5421",8.42583775251403,48.9249509177492
"3457/5422",8.42573475429626,48.9339425830704
"3457/5422",8.41208705515907,48.9338738995845
"3457/5422",8.41198155447455,48.9428655290575
"3457/5422",8.4256317049883,48.9429342341655
"3457/5422",8.42573475429626,48.9339425830704
"3457/5423",8.4256317049883,48.9429342341655
"3457/5423",8.41198155447455,48.9428655290575
"3457/5423",8.41187600145125,48.9518571442971
"3457/5423",8.42552860455756,48.9519258710348
"3457/5423",8.4256317049883,48.9429342341655
"3457/5424",8.42552860455756,48.9519258710348
"3457/5424",8.41187600145125,48.9518571442971
"3457/5424",8.41177039605579,48.9608487453038
"3457/5424",8.42542545297145,48.9609174936789
"3457/5424",8.42552860455756,48.9519258710348
"3457/5425",8.42542545297145,48.9609174936789
"3457/5425",8.41177039605579,48.9608487453038
"3457/5425",8.41166473825476,48.9698403320782
"3457/5425",8.42532225019735,48.9699091020985
"3457/5425",8.42542545297145,48.9609174936789
"3457/5426",8.42532225019735,48.9699091020985
"3457/5426",8.41166473825476,48.9698403320782
"3457/5426",8.41155902801474,48.9788319046209
"3457/5426",8.42521899620259,48.9789006962941
"3457/5426",8.42532225019735,48.9699091020985
"3457/5427",8.42521899620259,48.9789006962941
"3457/5427",8.41155902801474,48.9788319046209
"3457/5427",8.41145326530227,48.9878234629324
"3457/5427",8.42511569095449,48.9878922762662
"3457/5427",8.42521899620259,48.9789006962941
"3457/5428",8.42511569095449,48.9878922762662
"3457/5428",8.41145326530227,48.9878234629324
"3457/5428",8.41134745008384,48.9968150070132
"3457/5428",8.42501233442033,48.9968838420155
"3457/5428",8.42511569095449,48.9878922762662
"3457/5429",8.42501233442033,48.9968838420155
"3457/5429",8.41134745008384,48.9968150070132
"3457/5429",8.41124158232594,49.0058065368639
"3457/5429",8.42490892656738,49.0058753935424
"3457/5429",8.42501233442033,48.9968838420155
"3457/5430",8.42490892656738,49.0058753935424
"3457/5430",8.41124158232594,49.0058065368639
"3457/5430",8.41113566199501,49.0147980524851
"3457/5430",8.42480546736286,49.0148669308476
"3457/5430",8.42490892656738,49.0058753935424
"3457/5431",8.42480546736286,49.0148669308476
"3457/5431",8.41113566199501,49.0147980524851
"3457/5431",8.41102968905748,49.0237895538774
"3457/5431",8.42470195677396,49.0238584539316
"3457/5431",8.42480546736286,49.0148669308476
"3457/5432",8.42470195677396,49.0238584539316
"3457/5432",8.41102968905748,49.0237895538774
"3457/5432",8.41092366347973,49.0327810410413
"3457/5432",8.42459839476786,49.0328499627949
"3457/5432",8.42470195677396,49.0238584539316
"3457/5433",8.42459839476786,49.0328499627949
"3457/5433",8.41092366347973,49.0327810410413
"3457/5433",8.41081758522812,49.0417725139773
"3457/5433",8.4244947813117,49.0418414574382
"3457/5433",8.42459839476786,49.0328499627949
"3457/5434",8.4244947813117,49.0418414574382
"3457/5434",8.41081758522812,49.0417725139773
"3457/5434",8.41071145426899,49.0507639726861
"3457/5434",8.42439111637258,49.0508329378621
"3457/5434",8.4244947813117,49.0418414574382
"3457/5435",8.42439111637258,49.0508329378621
"3457/5435",8.41071145426899,49.0507639726861
"3457/5435",8.41060527056862,49.0597554171682
"3457/5435",8.4242873999176,49.059824404067
"3457/5435",8.42439111637258,49.0508329378621
"3457/5436",8.4242873999176,49.059824404067
"3457/5436",8.41060527056862,49.0597554171682
"3457/5436",8.41049903409329,49.0687468474242
"3457/5436",8.4241836319138,49.0688158560536
"3457/5436",8.4242873999176,49.059824404067
"3457/5437",8.4241836319138,49.0688158560536
"3457/5437",8.41049903409329,49.0687468474242
"3457/5437",8.41039274480925,49.0777382634546
"3457/5437",8.42407981232821,49.0778072938225
"3457/5437",8.4241836319138,49.0688158560536
"3457/5438",8.42407981232821,49.0778072938225
"3457/5438",8.41039274480925,49.0777382634546
"3457/5438",8.41028640268269,49.0867296652601
"3457/5438",8.42397594112782,49.0867987173742
"3457/5438",8.42407981232821,49.0778072938225
"3457/5439",8.42397594112782,49.0867987173742
"3457/5439",8.41028640268269,49.0867296652601
"3457/5439",8.41018000767981,49.0957210528411
"3457/5439",8.4238720182796,49.0957901267093
"3457/5439",8.42397594112782,49.0867987173742
"3457/5440",8.4238720182796,49.0957901267093
"3457/5440",8.41018000767981,49.0957210528411
"3457/5440",8.41007355976674,49.1047124261983
"3457/5440",8.42376804375049,49.1047815218283
"3457/5440",8.4238720182796,49.0957901267093
"3454/5420",8.38501245751718,48.9157484762148
"3454/5420",8.37136981784557,48.9156749947897
"3454/5420",8.37125707510086,48.9246665848639
"3454/5420",8.38490216361715,48.9247400894193
"3454/5420",8.38501245751718,48.9157484762148
"3454/5421",8.38490216361715,48.9247400894193
"3454/5421",8.37125707510086,48.9246665848639
"3454/5421",8.37114427644082,48.9336581606793
"3454/5421",8.38479181501616,48.9337316883734
"3454/5421",8.38490216361715,48.9247400894193
"3454/5422",8.38479181501616,48.9337316883734
"3454/5422",8.37114427644082,48.9336581606793
"3454/5422",8.3710314218298,48.9426497222364
"3454/5422",8.38468141167934,48.9427232730775
"3454/5422",8.38479181501616,48.9337316883734
"3454/5423",8.38468141167934,48.9427232730775
"3454/5423",8.3710314218298,48.9426497222364
"3454/5423",8.37091851123214,48.9516412695359
"3454/5423",8.3845709535718,48.9517148435321
"3454/5423",8.38468141167934,48.9427232730775
"3454/5424",8.3845709535718,48.9517148435321
"3454/5424",8.37091851123214,48.9516412695359
"3454/5424",8.37080554461214,48.9606328025782
"3454/5424",8.38446044065861,48.9607063997379
"3454/5424",8.3845709535718,48.9517148435321
"3454/5425",8.38446044065861,48.9607063997379
"3454/5425",8.37080554461214,48.9606328025782
"3454/5425",8.37069252193406,48.969624321364
"3454/5425",8.38434987290482,48.9696979416954
"3454/5425",8.38446044065861,48.9607063997379
"3454/5426",8.38434987290482,48.9696979416954
"3454/5426",8.37069252193406,48.969624321364
"3454/5426",8.37057944316215,48.9786158258936
"3454/5426",8.38423925027545,48.9786894694051
"3454/5426",8.38434987290482,48.9696979416954
"3454/5427",8.38423925027545,48.9786894694051
"3454/5427",8.37057944316215,48.9786158258936
"3454/5427",8.37046630826061,48.9876073161677
"3454/5427",8.38412857273547,48.9876809828675
"3454/5427",8.38423925027545,48.9786894694051
"3454/5428",8.38412857273547,48.9876809828675
"3454/5428",8.37046630826061,48.9876073161677
"3454/5428",8.37035311719361,48.9965987921869
"3454/5428",8.38401784024985,48.9966724820833
"3454/5428",8.38412857273547,48.9876809828675
"3454/5429",8.38401784024985,48.9966724820833
"3454/5429",8.37035311719361,48.9965987921869
"3454/5429",8.3702398699253,49.0055902539515
"3454/5429",8.38390705278348,49.0056639670529
"3454/5429",8.38401784024985,48.9966724820833
"3454/5430",8.38390705278348,49.0056639670529
"3454/5430",8.3702398699253,49.0055902539515
"3454/5430",8.37012656641978,49.0145817014623
"3454/5430",8.38379621030128,49.0146554377769
"3454/5430",8.38390705278348,49.0056639670529
"3454/5431",8.38379621030128,49.0146554377769
"3454/5431",8.37012656641978,49.0145817014623
"3454/5431",8.37001320664113,49.0235731347197
"3454/5431",8.38368531276809,49.0236468942559
"3454/5431",8.38379621030128,49.0146554377769
"3454/5432",8.38368531276809,49.0236468942559
"3454/5432",8.37001320664113,49.0235731347197
"3454/5432",8.3698997905534,49.0325645537244
"3454/5432",8.38357436014875,49.0326383364904
"3454/5432",8.38368531276809,49.0236468942559
"3454/5433",8.38357436014875,49.0326383364904
"3454/5433",8.3698997905534,49.0325645537244
"3454/5433",8.36978631812061,49.0415559584767
"3454/5433",8.38346335240805,49.0416297644809
"3454/5433",8.38357436014875,49.0326383364904
"3454/5434",8.38346335240805,49.0416297644809
"3454/5434",8.36978631812061,49.0415559584767
"3454/5434",8.36967278930675,49.0505473489774
"3454/5434",8.38335228951075,49.0506211782281
"3454/5434",8.38346335240805,49.0416297644809
"3454/5435",8.38335228951075,49.0506211782281
"3454/5435",8.36967278930675,49.0505473489774
"3454/5435",8.36955920407575,49.0595387252269
"3454/5435",8.3832411714216,49.0596125777325
"3454/5435",8.38335228951075,49.0506211782281
"3454/5436",8.3832411714216,49.0596125777325
"3454/5436",8.36955920407575,49.0595387252269
"3454/5436",8.36944556239153,49.0685300872257
"3454/5436",8.38312999810528,49.0686039629946
"3454/5436",8.3832411714216,49.0596125777325
"3455/5420",8.39865515185491,48.9158203439355
"3455/5420",8.38501245751718,48.9157484762148
"3455/5420",8.38490216361715,48.9247400894193
"3455/5420",8.39854730683438,48.9248119797624
"3455/5420",8.39865515185491,48.9158203439355
"3455/5421",8.39854730683438,48.9248119797624
"3455/5421",8.38490216361715,48.9247400894193
"3455/5421",8.38479181501616,48.9337316883734
"3455/5421",8.3984394083273,48.933803601347
"3455/5421",8.39854730683438,48.9248119797624
"3455/5422",8.3984394083273,48.933803601347
"3455/5422",8.38479181501616,48.9337316883734
"3455/5422",8.38468141167934,48.9427232730775
"3455/5422",8.39833145629957,48.9427952086897
"3455/5422",8.3984394083273,48.933803601347
"3455/5423",8.39833145629957,48.9427952086897
"3455/5423",8.38468141167934,48.9427232730775
"3455/5423",8.3845709535718,48.9517148435321
"3455/5423",8.39822345071708,48.9517868017911
"3455/5423",8.39833145629957,48.9427952086897
"3455/5424",8.39822345071708,48.9517868017911
"3455/5424",8.3845709535718,48.9517148435321
"3455/5424",8.38446044065861,48.9607063997379
"3455/5424",8.39811539154566,48.9607783806517
"3455/5424",8.39822345071708,48.9517868017911
"3455/5425",8.39811539154566,48.9607783806517
"3455/5425",8.38446044065861,48.9607063997379
"3455/5425",8.38434987290482,48.9696979416954
"3455/5425",8.39800727875115,48.9697699452721
"3455/5425",8.39811539154566,48.9607783806517
"3455/5426",8.39800727875115,48.9697699452721
"3455/5426",8.38434987290482,48.9696979416954
"3455/5426",8.38423925027545,48.9786894694051
"3455/5426",8.39789911229933,48.9787614956528
"3455/5426",8.39800727875115,48.9697699452721
"3455/5427",8.39789911229933,48.9787614956528
"3455/5427",8.38423925027545,48.9786894694051
"3455/5427",8.38412857273547,48.9876809828675
"3455/5427",8.39779089215597,48.9877530317943
"3455/5427",8.39789911229933,48.9787614956528
"3455/5428",8.39779089215597,48.9877530317943
"3455/5428",8.38412857273547,48.9876809828675
"3455/5428",8.38401784024985,48.9966724820833
"3455/5428",8.39768261828679,48.9967445536973
"3455/5428",8.39779089215597,48.9877530317943
"3455/5429",8.39768261828679,48.9967445536973
"3455/5429",8.38401784024985,48.9966724820833
"3455/5429",8.38390705278348,49.0056639670529
"3455/5429",8.3975742906575,49.0057360613623
"3455/5429",8.39768261828679,48.9967445536973
"3455/5430",8.3975742906575,49.0057360613623
"3455/5430",8.38390705278348,49.0056639670529
"3455/5430",8.38379621030128,49.0146554377769
"3455/5430",8.39746590923375,49.0147275547898
"3455/5430",8.3975742906575,49.0057360613623
"3455/5431",8.39746590923375,49.0147275547898
"3455/5431",8.38379621030128,49.0146554377769
"3455/5431",8.38368531276809,49.0236468942559
"3455/5431",8.3973574739812,49.0237190339804
"3455/5431",8.39746590923375,49.0147275547898
"3455/5432",8.3973574739812,49.0237190339804
"3455/5432",8.38368531276809,49.0236468942559
"3455/5432",8.38357436014875,49.0326383364904
"3455/5432",8.39724898486544,49.0327104989346
"3455/5432",8.3973574739812,49.0237190339804
"3455/5433",8.39724898486544,49.0327104989346
"3455/5433",8.38357436014875,49.0326383364904
"3455/5433",8.38346335240805,49.0416297644809
"3455/5433",8.39714044185206,49.0417019496531
"3455/5433",8.39724898486544,49.0327104989346
"3455/5434",8.39714044185206,49.0417019496531
"3455/5434",8.38346335240805,49.0416297644809
"3455/5434",8.38335228951075,49.0506211782281
"3455/5434",8.3970318449066,49.0506933861363
"3455/5434",8.39714044185206,49.0417019496531
"3455/5435",8.3970318449066,49.0506933861363
"3455/5435",8.38335228951075,49.0506211782281
"3455/5435",8.3832411714216,49.0596125777325
"3455/5435",8.39692319399458,49.0596848083849
"3455/5435",8.3970318449066,49.0506933861363
"3455/5436",8.39692319399458,49.0596848083849
"3455/5436",8.3832411714216,49.0596125777325
"3455/5436",8.38312999810528,49.0686039629946
"3455/5436",8.39681448908149,49.0686762163993
"3455/5436",8.39692319399458,49.0596848083849
"3455/5437",8.39681448908149,49.0686762163993
"3455/5437",8.38312999810528,49.0686039629946
"3455/5437",8.38301876952648,49.077595334015
"3455/5437",8.39670573013278,49.0776676101803
"3455/5437",8.39681448908149,49.0686762163993
"3455/5438",8.39670573013278,49.0776676101803
"3455/5438",8.38301876952648,49.077595334015
"3455/5438",8.38290748564983,49.0865866907942
"3455/5438",8.39659691711387,49.0866589897282
"3455/5438",8.39670573013278,49.0776676101803
"3455/5439",8.39659691711387,49.0866589897282
"3455/5439",8.38290748564983,49.0865866907942
"3455/5439",8.38279614643995,49.0955780333329
"3455/5439",8.39648804999017,49.0956503550438
"3455/5439",8.39659691711387,49.0866589897282
"3455/5440",8.39648804999017,49.0956503550438
"3455/5440",8.38279614643995,49.0955780333329
"3455/5440",8.3826847518614,49.1045693616316
"3455/5440",8.39637912872703,49.1046417061276
"3455/5440",8.39648804999017,49.0956503550438
"3448/5420",8.30315748195408,48.9152833826717
"3448/5420",8.28951519576363,48.9152002193692
"3448/5420",8.28938776072564,48.9241916599949
"3448/5420",8.30303249553554,48.9242748494752
"3448/5420",8.30315748195408,48.9152833826717
"3448/5421",8.30303249553554,48.9242748494752
"3448/5421",8.28938776072564,48.9241916599949
"3448/5421",8.28926026248676,48.9331830863085
"3448/5421",8.30290744713028,48.9332663019759
"3448/5421",8.30303249553554,48.9242748494752
"3448/5422",8.30290744713028,48.9332663019759
"3448/5422",8.28926026248676,48.9331830863085
"3448/5422",8.2891327010067,48.9421744983105
"3448/5422",8.30278233669879,48.9422577401744
"3448/5422",8.30290744713028,48.9332663019759
"3448/5423",8.30278233669879,48.9422577401744
"3448/5423",8.2891327010067,48.9421744983105
"3448/5423",8.28900507624515,48.9511658960013
"3448/5423",8.30265716420153,48.9512491640711
"3448/5423",8.30278233669879,48.9422577401744
"3448/5424",8.30265716420153,48.9512491640711
"3448/5424",8.28900507624515,48.9511658960013
"3448/5424",8.28887738816175,48.9601572793815
"3448/5424",8.30253192959893,48.9602405736665
"3448/5424",8.30265716420153,48.9512491640711
"3448/5425",8.30253192959893,48.9602405736665
"3448/5425",8.28887738816175,48.9601572793815
"3448/5425",8.28874963671614,48.9691486484516
"3448/5425",8.30240663285138,48.9692319689612
"3448/5425",8.30253192959893,48.9602405736665
"3448/5426",8.30240663285138,48.9692319689612
"3448/5426",8.28874963671614,48.9691486484516
"3448/5426",8.28862182186788,48.9781400032121
"3448/5426",8.30228127391924,48.9782233499557
"3448/5426",8.30240663285138,48.9692319689612
"3448/5427",8.30228127391924,48.9782233499557
"3448/5427",8.28862182186788,48.9781400032121
"3448/5427",8.2884939435765,48.9871313436635
"3448/5427",8.30215585276281,48.9872147166504
"3448/5427",8.30228127391924,48.9782233499557
"3448/5428",8.30215585276281,48.9872147166504
"3448/5428",8.2884939435765,48.9871313436635
"3448/5428",8.28836600180155,48.9961226698063
"3448/5428",8.3020303693424,48.9962060690459
"3448/5428",8.30215585276281,48.9872147166504
"3448/5429",8.3020303693424,48.9962060690459
"3448/5429",8.28836600180155,48.9961226698063
"3448/5429",8.28823799650245,49.0051139816409
"3448/5429",8.30190482361824,49.0051974071427
"3448/5429",8.3020303693424,48.9962060690459
"3448/5430",8.30190482361824,49.0051974071427
"3448/5430",8.28823799650245,49.0051139816409
"3448/5430",8.28810992763868,49.014105279168
"3448/5430",8.30177921555055,49.0141887309413
"3448/5430",8.30190482361824,49.0051974071427
"3448/5431",8.30177921555055,49.0141887309413
"3448/5431",8.28810992763868,49.014105279168
"3448/5431",8.28798179516961,49.023096562388
"3448/5431",8.30165354509952,49.0231800404423
"3448/5431",8.30177921555055,49.0141887309413
"3448/5432",8.30165354509952,49.0231800404423
"3448/5432",8.28798179516961,49.023096562388
"3448/5432",8.28785359905462,49.0320878313014
"3448/5432",8.30152781222528,49.0321713356461
"3448/5432",8.30165354509952,49.0231800404423
"3459/5420",8.45322645159383,48.9160916774654
"3459/5420",8.43958355072828,48.9160262647158
"3459/5420",8.43948305254754,48.9250179653625
"3459/5420",8.4531284024242,48.9250833987027
"3459/5420",8.45322645159383,48.9160916774654
"3459/5421",8.4531284024242,48.9250833987027
"3459/5421",8.43948305254754,48.9250179653625
"3459/5421",8.43938250452363,48.9340096517899
"3459/5421",8.45303030462592,48.9340751057281
"3459/5421",8.4531284024242,48.9250833987027
"3459/5422",8.45303030462592,48.9340751057281
"3459/5422",8.43938250452363,48.9340096517899
"3459/5422",8.43928190662479,48.9430013239985
"3459/5422",8.452932158168,48.9430667985421
"3459/5422",8.45303030462592,48.9340751057281
"3459/5423",8.452932158168,48.9430667985421
"3459/5423",8.43928190662479,48.9430013239985
"3459/5423",8.43918125881922,48.951992981989
"3459/5423",8.45283396301942,48.9520584771453
"3459/5423",8.452932158168,48.9430667985421
"3459/5424",8.45283396301942,48.9520584771453
"3459/5424",8.43918125881922,48.951992981989
"3459/5424",8.4390805610751,48.960984625762
"3459/5424",8.45273571914913,48.9610501415383
"3459/5424",8.45283396301942,48.9520584771453
"3459/5425",8.45273571914913,48.9610501415383
"3459/5425",8.4390805610751,48.960984625762
"3459/5425",8.43897981336057,48.9699762553179
"3459/5425",8.45263742652606,48.9700417917216
"3459/5425",8.45273571914913,48.9610501415383
"3459/5426",8.45263742652606,48.9700417917216
"3459/5426",8.43897981336057,48.9699762553179
"3459/5426",8.43887901564376,48.9789678706573
"3459/5426",8.4525390851191,48.9790334276959
"3459/5426",8.45263742652606,48.9700417917216
"3459/5427",8.4525390851191,48.9790334276959
"3459/5427",8.43887901564376,48.9789678706573
"3459/5427",8.43877816789275,48.9879594717809
"3459/5427",8.45244069489712,48.9880250494617
"3459/5427",8.4525390851191,48.9790334276959
"3459/5428",8.45244069489712,48.9880250494617
"3459/5428",8.43877816789275,48.9879594717809
"3459/5428",8.43867727007561,48.9969510586891
"3459/5428",8.45234225582896,48.9970166570195
"3459/5428",8.45244069489712,48.9880250494617
"3459/5429",8.45234225582896,48.9970166570195
"3459/5429",8.43867727007561,48.9969510586891
"3459/5429",8.43857632216038,49.0059426313827
"3459/5429",8.45224376788344,49.00600825037
"3459/5429",8.45234225582896,48.9970166570195
"3459/5430",8.45224376788344,49.00600825037
"3459/5430",8.43857632216038,49.0059426313827
"3459/5430",8.43847532411505,49.014934189862
"3459/5430",8.45214523102934,49.0149998295137
"3459/5430",8.45224376788344,49.00600825037
"3459/5431",8.45214523102934,49.0149998295137
"3459/5431",8.43847532411505,49.014934189862
"3459/5431",8.43837427590762,49.0239257341278
"3459/5431",8.45204664523542,49.0239913944512
"3459/5431",8.45214523102934,49.0149998295137
"3459/5432",8.45204664523542,49.0239913944512
"3459/5432",8.43837427590762,49.0239257341278
"3459/5432",8.43827317750603,49.0329172641804
"3459/5432",8.45194801047042,49.0329829451831
"3459/5432",8.45204664523542,49.0239913944512
"3459/5433",8.45194801047042,49.0329829451831
"3459/5433",8.43827317750603,49.0329172641804
"3459/5433",8.4381720288782,49.0419087800207
"3459/5433",8.45184932670303,49.04197448171
"3459/5433",8.45194801047042,49.0329829451831
"3459/5434",8.45184932670303,49.04197448171
"3459/5434",8.4381720288782,49.0419087800207
"3459/5434",8.43807082999203,49.0509002816491
"3459/5434",8.45175059390193,49.0509660040324
"3459/5434",8.45184932670303,49.04197448171
"3459/5435",8.45175059390193,49.0509660040324
"3459/5435",8.43807082999203,49.0509002816491
"3459/5435",8.43796958081538,49.0598917690662
"3459/5435",8.45165181203577,49.0599575121509
"3459/5435",8.45175059390193,49.0509660040324
"3459/5436",8.45165181203577,49.0599575121509
"3459/5436",8.43796958081538,49.0598917690662
"3459/5436",8.43786828131608,49.0688832422725
"3459/5436",8.45155298107317,49.0689490060661
"3459/5436",8.45165181203577,49.0599575121509
"3459/5437",8.45155298107317,49.0689490060661
"3459/5437",8.43786828131608,49.0688832422725
"3459/5437",8.43776693146195,49.0778747012688
"3459/5437",8.45145410098272,49.0779404857787
"3459/5437",8.45155298107317,49.0689490060661
"3459/5438",8.45145410098272,49.0779404857787
"3459/5438",8.43776693146195,49.0778747012688
"3459/5438",8.43766553122077,49.0868661460554
"3459/5438",8.45135517173299,49.0869319512891
"3459/5438",8.45145410098272,49.0779404857787
"3459/5439",8.45135517173299,49.0869319512891
"3459/5439",8.43766553122077,49.0868661460554
"3459/5439",8.43756408056028,49.0958575766332
"3459/5439",8.45125619329251,49.095923402598
"3459/5439",8.45135517173299,49.0869319512891
"3459/5440",8.45125619329251,49.095923402598
"3459/5440",8.43756408056028,49.0958575766332
"3459/5440",8.43746257944821,49.1048489930025
"3459/5440",8.4511571656298,49.1049148397059
"3459/5440",8.45125619329251,49.095923402598
"3463/5420",8.50779852889474,48.916337190533
"3463/5420",8.49415544092131,48.9162782329829
"3463/5420",8.49406473896769,48.9252700129441
"3463/5420",8.50771027607145,48.9253289890529
"3463/5420",8.50779852889474,48.916337190533
"3463/5421",8.50771027607145,48.9253289890529
"3463/5421",8.49406473896769,48.9252700129441
"3463/5421",8.49397399202916,48.9342617787144
"3463/5421",8.50762197947787,48.9343207733885
"3463/5421",8.50771027607145,48.9253289890529
"3463/5422",8.50762197947787,48.9343207733885
"3463/5422",8.49397399202916,48.9342617787144
"3463/5422",8.49388320007703,48.9432535302943
"3463/5422",8.50753363908611,48.9433125435403
"3463/5422",8.50762197947787,48.9343207733885
"3463/5423",8.50753363908611,48.9433125435403
"3463/5423",8.49388320007703,48.9432535302943
"3463/5423",8.49379236308261,48.9522452676845
"3463/5423",8.50744525486822,48.952304299509
"3463/5423",8.50753363908611,48.9433125435403
"3463/5424",8.50744525486822,48.952304299509
"3463/5424",8.49379236308261,48.9522452676845
"3463/5424",8.49370148101718,48.9612369908854
"3463/5424",8.50735682679628,48.9612960412951
"3463/5424",8.50744525486822,48.952304299509
"3463/5425",8.50735682679628,48.9612960412951
"3463/5425",8.49370148101718,48.9612369908854
"3463/5425",8.493610553852,48.9702286998977
"3463/5425",8.5072683548423,48.9702877688992
"3463/5425",8.50735682679628,48.9612960412951
"3463/5426",8.5072683548423,48.9702877688992
"3463/5426",8.493610553852,48.9702286998977
"3463/5426",8.49351958155827,48.9792203947219
"3463/5426",8.50717983897829,48.979279482322
"3463/5426",8.5072683548423,48.9702877688992
"3463/5427",8.50717983897829,48.979279482322
"3463/5427",8.49351958155827,48.9792203947219
"3463/5427",8.49342856410722,48.9882120753588
"3463/5427",8.50709127917623,48.9882711815639
"3463/5427",8.50717983897829,48.979279482322
"3463/5428",8.50709127917623,48.9882711815639
"3463/5428",8.49342856410722,48.9882120753588
"3463/5428",8.49333750147001,48.9972037418087
"3463/5428",8.50700267540807,48.9972628666257
"3463/5428",8.50709127917623,48.9882711815639
"3463/5429",8.50700267540807,48.9972628666257
"3463/5429",8.49333750147001,48.9972037418087
"3463/5429",8.49324639361779,49.0061953940724
"3463/5429",8.50691402764574,49.0062545375078
"3463/5429",8.50700267540807,48.9972628666257
"3463/5430",8.50691402764574,49.0062545375078
"3463/5430",8.49324639361779,49.0061953940724
"3463/5430",8.49315524052168,49.0151870321504
"3463/5430",8.50682533586115,49.015246194211
"3463/5430",8.50691402764574,49.0062545375078
"3463/5431",8.50682533586115,49.015246194211
"3463/5431",8.49315524052168,49.0151870321504
"3463/5431",8.4930640421528,49.0241786560433
"3463/5431",8.50673660002617,49.0242378367357
"3463/5431",8.50682533586115,49.015246194211
"3463/5432",8.50673660002617,49.0242378367357
"3463/5432",8.4930640421528,49.0241786560433
"3463/5432",8.49297279848221,49.0331702657518
"3463/5432",8.50664782011266,49.0332294650826
"3463/5432",8.50673660002617,49.0242378367357
"3463/5433",8.50664782011266,49.0332294650826
"3463/5433",8.49297279848221,49.0331702657518
"3463/5433",8.49288150948096,49.0421618612763
"3463/5433",8.50655899609246,49.0422210792523
"3463/5433",8.50664782011266,49.0332294650826
"3463/5434",8.50655899609246,49.0422210792523
"3463/5434",8.49288150948096,49.0421618612763
"3463/5434",8.49279017512007,49.0511534426175
"3463/5434",8.50647012793735,49.0512126792454
"3463/5434",8.50655899609246,49.0422210792523
"3463/5435",8.50647012793735,49.0512126792454
"3463/5435",8.49279017512007,49.0511534426175
"3463/5435",8.49269879537053,49.0601450097761
"3463/5435",8.50638121561913,49.0602042650624
"3463/5435",8.50647012793735,49.0512126792454
"3463/5436",8.50638121561913,49.0602042650624
"3463/5436",8.49269879537053,49.0601450097761
"3463/5436",8.49260737020333,49.0691365627525
"3463/5436",8.50629225910954,49.0691958367041
"3463/5436",8.50638121561913,49.0602042650624
"3463/5437",8.50629225910954,49.0691958367041
"3463/5437",8.49260737020333,49.0691365627525
"3463/5437",8.4925158995894,49.0781281015474
"3463/5437",8.50620325838032,49.078187394171
"3463/5437",8.50629225910954,49.0691958367041
"3463/5438",8.50620325838032,49.078187394171
"3463/5438",8.4925158995894,49.0781281015474
"3463/5438",8.49242438349966,49.0871196261614
"3463/5438",8.50611421340317,49.0871789374636
"3463/5438",8.50620325838032,49.078187394171
"3463/5439",8.50611421340317,49.0871789374636
"3463/5439",8.49242438349966,49.0871196261614
"3463/5439",8.49233282190501,49.0961111365952
"3463/5439",8.50602512414978,49.0961704665827
"3463/5439",8.50611421340317,49.0871789374636
"3463/5440",8.50602512414978,49.0961704665827
"3463/5440",8.49233282190501,49.0961111365952
"3463/5440",8.49224121477631,49.1051026328492
"3463/5440",8.50593599059179,49.1051619815288
"3463/5440",8.50602512414978,49.0961704665827
"3456/5420",8.41229789964511,48.915890597936
"3456/5420",8.39865515185491,48.9158203439355
"3456/5420",8.39854730683438,48.9248119797624
"3456/5420",8.41219250353815,48.9248822558775
"3456/5420",8.41229789964511,48.915890597936
"3456/5421",8.41219250353815,48.9248822558775
"3456/5421",8.39854730683438,48.9248119797624
"3456/5421",8.3984394083273,48.933803601347
"3456/5421",8.41208705515907,48.9338738995845
"3456/5421",8.41219250353815,48.9248822558775
"3456/5422",8.41208705515907,48.9338738995845
"3456/5422",8.3984394083273,48.933803601347
"3456/5422",8.39833145629957,48.9427952086897
"3456/5422",8.41198155447455,48.9428655290575
"3456/5422",8.41208705515907,48.9338738995845
"3456/5423",8.41198155447455,48.9428655290575
"3456/5423",8.39833145629957,48.9427952086897
"3456/5423",8.39822345071708,48.9517868017911
"3456/5423",8.41187600145125,48.9518571442971
"3456/5423",8.41198155447455,48.9428655290575
"3456/5424",8.41187600145125,48.9518571442971
"3456/5424",8.39822345071708,48.9517868017911
"3456/5424",8.39811539154566,48.9607783806517
"3456/5424",8.41177039605579,48.9608487453038
"3456/5424",8.41187600145125,48.9518571442971
"3456/5425",8.41177039605579,48.9608487453038
"3456/5425",8.39811539154566,48.9607783806517
"3456/5425",8.39800727875115,48.9697699452721
"3456/5425",8.41166473825476,48.9698403320782
"3456/5425",8.41177039605579,48.9608487453038
"3456/5426",8.41166473825476,48.9698403320782
"3456/5426",8.39800727875115,48.9697699452721
"3456/5426",8.39789911229933,48.9787614956528
"3456/5426",8.41155902801474,48.9788319046209
"3456/5426",8.41166473825476,48.9698403320782
"3456/5427",8.41155902801474,48.9788319046209
"3456/5427",8.39789911229933,48.9787614956528
"3456/5427",8.39779089215597,48.9877530317943
"3456/5427",8.41145326530227,48.9878234629324
"3456/5427",8.41155902801474,48.9788319046209
"3456/5428",8.41145326530227,48.9878234629324
"3456/5428",8.39779089215597,48.9877530317943
"3456/5428",8.39768261828679,48.9967445536973
"3456/5428",8.41134745008384,48.9968150070132
"3456/5428",8.41145326530227,48.9878234629324
"3456/5429",8.41134745008384,48.9968150070132
"3456/5429",8.39768261828679,48.9967445536973
"3456/5429",8.3975742906575,49.0057360613623
"3456/5429",8.41124158232594,49.0058065368639
"3456/5429",8.41134745008384,48.9968150070132
"3456/5430",8.41124158232594,49.0058065368639
"3456/5430",8.3975742906575,49.0057360613623
"3456/5430",8.39746590923375,49.0147275547898
"3456/5430",8.41113566199501,49.0147980524851
"3456/5430",8.41124158232594,49.0058065368639
"3456/5431",8.41113566199501,49.0147980524851
"3456/5431",8.39746590923375,49.0147275547898
"3456/5431",8.3973574739812,49.0237190339804
"3456/5431",8.41102968905748,49.0237895538774
"3456/5431",8.41113566199501,49.0147980524851
"3456/5432",8.41102968905748,49.0237895538774
"3456/5432",8.3973574739812,49.0237190339804
"3456/5432",8.39724898486544,49.0327104989346
"3456/5432",8.41092366347973,49.0327810410413
"3456/5432",8.41102968905748,49.0237895538774
"3456/5433",8.41092366347973,49.0327810410413
"3456/5433",8.39724898486544,49.0327104989346
"3456/5433",8.39714044185206,49.0417019496531
"3456/5433",8.41081758522812,49.0417725139773
"3456/5433",8.41092366347973,49.0327810410413
"3456/5434",8.41081758522812,49.0417725139773
"3456/5434",8.39714044185206,49.0417019496531
"3456/5434",8.3970318449066,49.0506933861363
"3456/5434",8.41071145426899,49.0507639726861
"3456/5434",8.41081758522812,49.0417725139773
"3456/5435",8.41071145426899,49.0507639726861
"3456/5435",8.3970318449066,49.0506933861363
"3456/5435",8.39692319399458,49.0596848083849
"3456/5435",8.41060527056862,49.0597554171682
"3456/5435",8.41071145426899,49.0507639726861
"3456/5436",8.41060527056862,49.0597554171682
"3456/5436",8.39692319399458,49.0596848083849
"3456/5436",8.39681448908149,49.0686762163993
"3456/5436",8.41049903409329,49.0687468474242
"3456/5436",8.41060527056862,49.0597554171682
"3456/5437",8.41049903409329,49.0687468474242
"3456/5437",8.39681448908149,49.0686762163993
"3456/5437",8.39670573013278,49.0776676101803
"3456/5437",8.41039274480925,49.0777382634546
"3456/5437",8.41049903409329,49.0687468474242
"3456/5438",8.41039274480925,49.0777382634546
"3456/5438",8.39670573013278,49.0776676101803
"3456/5438",8.39659691711387,49.0866589897282
"3456/5438",8.41028640268269,49.0867296652601
"3456/5438",8.41039274480925,49.0777382634546
"3456/5439",8.41028640268269,49.0867296652601
"3456/5439",8.39659691711387,49.0866589897282
"3456/5439",8.39648804999017,49.0956503550438
"3456/5439",8.41018000767981,49.0957210528411
"3456/5439",8.41028640268269,49.0867296652601
"3456/5440",8.41018000767981,49.0957210528411
"3456/5440",8.39648804999017,49.0956503550438
"3456/5440",8.39637912872703,49.1046417061276
"3456/5440",8.41007355976674,49.1047124261983
"3456/5440",8.41018000767981,49.0957210528411
"3449/5420",8.31679983009176,48.9153649323712
"3449/5420",8.30315748195408,48.9152833826717
"3449/5420",8.30303249553554,48.9242748494752
"3449/5420",8.31667729233214,48.9243564248446
"3449/5420",8.31679983009176,48.9153649323712
"3449/5421",8.31667729233214,48.9243564248446
"3449/5421",8.30303249553554,48.9242748494752
"3449/5421",8.30290744713028,48.9332663019759
"3449/5421",8.31655469380001,48.9333479030245
"3449/5421",8.31667729233214,48.9243564248446
"3449/5422",8.31655469380001,48.9333479030245
"3449/5422",8.30290744713028,48.9332663019759
"3449/5422",8.30278233669879,48.9422577401744
"3449/5422",8.31643203445663,48.9423393669112
"3449/5422",8.31655469380001,48.9333479030245
"3449/5423",8.31643203445663,48.9423393669112
"3449/5423",8.30278233669879,48.9422577401744
"3449/5423",8.30265716420153,48.9512491640711
"3449/5423",8.31630931426325,48.9513308165053
"3449/5423",8.31643203445663,48.9423393669112
"3449/5424",8.31630931426325,48.9513308165053
"3449/5424",8.30265716420153,48.9512491640711
"3449/5424",8.30253192959893,48.9602405736665
"3449/5424",8.31618653318105,48.9603222518074
"3449/5424",8.31630931426325,48.9513308165053
"3449/5425",8.31618653318105,48.9603222518074
"3449/5425",8.30253192959893,48.9602405736665
"3449/5425",8.30240663285138,48.9692319689612
"3449/5425",8.31606369117121,48.9693136728179
"3449/5425",8.31618653318105,48.9603222518074
"3449/5426",8.31606369117121,48.9693136728179
"3449/5426",8.30240663285138,48.9692319689612
"3449/5426",8.30228127391924,48.9782233499557
"3449/5426",8.31594078819486,48.9783050795374
"3449/5426",8.31606369117121,48.9693136728179
"3449/5427",8.31594078819486,48.9783050795374
"3449/5427",8.30228127391924,48.9782233499557
"3449/5427",8.30215585276281,48.9872147166504
"3449/5427",8.31581782421309,48.9872964719663
"3449/5427",8.31594078819486,48.9783050795374
"3449/5428",8.31581782421309,48.9872964719663
"3449/5428",8.30215585276281,48.9872147166504
"3449/5428",8.3020303693424,48.9962060690459
"3449/5428",8.31569479918697,48.9962878501053
"3449/5428",8.31581782421309,48.9872964719663
"3449/5429",8.31569479918697,48.9962878501053
"3449/5429",8.3020303693424,48.9962060690459
"3449/5429",8.30190482361824,49.0051974071427
"3449/5429",8.31557171307752,49.0052792139547
"3449/5429",8.31569479918697,48.9962878501053
"3449/5430",8.31557171307752,49.0052792139547
"3449/5430",8.30190482361824,49.0051974071427
"3449/5430",8.30177921555055,49.0141887309413
"3449/5430",8.31544856584575,49.0142705635152
"3449/5430",8.31557171307752,49.0052792139547
"3449/5431",8.31544856584575,49.0142705635152
"3449/5431",8.30177921555055,49.0141887309413
"3449/5431",8.30165354509952,49.0231800404423
"3449/5431",8.31532535745261,49.0232618987872
"3449/5431",8.31544856584575,49.0142705635152
"3449/5432",8.31532535745261,49.0232618987872
"3449/5432",8.30165354509952,49.0231800404423
"3449/5432",8.30152781222528,49.0321713356461
"3449/5432",8.31520208785901,49.0322532197714
"3449/5432",8.31532535745261,49.0232618987872
"3449/5433",8.31520208785901,49.0322532197714
"3449/5433",8.30152781222528,49.0321713356461
"3449/5433",8.30140201688795,49.0411626165533
"3449/5433",8.31507875702586,49.0412445264681
"3449/5433",8.31520208785901,49.0322532197714
"3449/5434",8.31507875702586,49.0412445264681
"3449/5434",8.30140201688795,49.0411626165533
"3449/5434",8.30127615904759,49.0501538831643
"3449/5434",8.31495536491401,49.0502358188779
"3449/5434",8.31507875702586,49.0412445264681
"3449/5435",8.31495536491401,49.0502358188779
"3449/5435",8.30127615904759,49.0501538831643
"3449/5435",8.30115023866426,49.0591451354798
"3449/5435",8.31483191148429,49.0592270970015
"3449/5435",8.31495536491401,49.0502358188779
"3453/5420",8.37136981784557,48.9156749947897
"3453/5420",8.35772723405366,48.9155998996762
"3453/5420",8.35761204249989,48.9245914661121
"3453/5420",8.37125707510086,48.9246665848639
"3453/5420",8.37136981784557,48.9156749947897
"3453/5421",8.37125707510086,48.9246665848639
"3453/5421",8.35761204249989,48.9245914661121
"3453/5421",8.35749679381643,48.9335830182807
"3453/5421",8.37114427644082,48.9336581606793
"3453/5421",8.37125707510086,48.9246665848639
"3453/5422",8.37114427644082,48.9336581606793
"3453/5422",8.35749679381643,48.9335830182807
"3453/5422",8.35738148796689,48.9425745561827
"3453/5422",8.3710314218298,48.9426497222364
"3453/5422",8.37114427644082,48.9336581606793
"3453/5423",8.3710314218298,48.9426497222364
"3453/5423",8.35738148796689,48.9425745561827
"3453/5423",8.35726612491481,48.9515660798185
"3453/5423",8.37091851123214,48.9516412695359
"3453/5423",8.3710314218298,48.9426497222364
"3453/5424",8.37091851123214,48.9516412695359
"3453/5424",8.35726612491481,48.9515660798185
"3453/5424",8.35715070462372,48.9605575891887
"3453/5424",8.37080554461214,48.9606328025782
"3453/5424",8.37091851123214,48.9516412695359
"3453/5425",8.37080554461214,48.9606328025782
"3453/5425",8.35715070462372,48.9605575891887
"3453/5425",8.35703522705712,48.9695490842939
"3453/5425",8.37069252193406,48.969624321364
"3453/5425",8.37080554461214,48.9606328025782
"3453/5426",8.37069252193406,48.969624321364
"3453/5426",8.35703522705712,48.9695490842939
"3453/5426",8.35691969217847,48.9785405651345
"3453/5426",8.37057944316215,48.9786158258936
"3453/5426",8.37069252193406,48.969624321364
"3453/5427",8.37057944316215,48.9786158258936
"3453/5427",8.35691969217847,48.9785405651345
"3453/5427",8.35680409995118,48.9875320317111
"3453/5427",8.37046630826061,48.9876073161677
"3453/5427",8.37057944316215,48.9786158258936
"3453/5428",8.37046630826061,48.9876073161677
"3453/5428",8.35680409995118,48.9875320317111
"3453/5428",8.35668845033867,48.9965234840242
"3453/5428",8.37035311719361,48.9965987921869
"3453/5428",8.37046630826061,48.9876073161677
"3453/5429",8.37035311719361,48.9965987921869
"3453/5429",8.35668845033867,48.9965234840242
"3453/5429",8.35657274330429,49.0055149220744
"3453/5429",8.3702398699253,49.0055902539515
"3453/5429",8.37035311719361,48.9965987921869
"3453/5430",8.3702398699253,49.0055902539515
"3453/5430",8.35657274330429,49.0055149220744
"3453/5430",8.35645697881137,49.0145063458622
"3453/5430",8.37012656641978,49.0145817014623
"3453/5430",8.3702398699253,49.0055902539515
"3453/5431",8.37012656641978,49.0145817014623
"3453/5431",8.35645697881137,49.0145063458622
"3453/5431",8.35634115682322,49.0234977553881
"3453/5431",8.37001320664113,49.0235731347197
"3453/5431",8.37012656641978,49.0145817014623
"3453/5432",8.37001320664113,49.0235731347197
"3453/5432",8.35634115682322,49.0234977553881
"3453/5432",8.3562252773031,49.0324891506528
"3453/5432",8.3698997905534,49.0325645537244
"3453/5432",8.37001320664113,49.0235731347197
"3453/5433",8.3698997905534,49.0325645537244
"3453/5433",8.3562252773031,49.0324891506528
"3453/5433",8.35610934021424,49.0414805316566
"3453/5433",8.36978631812061,49.0415559584767
"3453/5433",8.3698997905534,49.0325645537244
"3453/5434",8.36978631812061,49.0415559584767
"3453/5434",8.35610934021424,49.0414805316566
"3453/5434",8.35599334551985,49.0504718984003
"3453/5434",8.36967278930675,49.0505473489774
"3453/5434",8.36978631812061,49.0415559584767
"3453/5435",8.36967278930675,49.0505473489774
"3453/5435",8.35599334551985,49.0504718984003
"3453/5435",8.35587729318309,49.0594632508842
"3453/5435",8.36955920407575,49.0595387252269
"3453/5435",8.36967278930675,49.0505473489774
"3453/5436",8.36955920407575,49.0595387252269
"3453/5436",8.35587729318309,49.0594632508842
"3453/5436",8.3557611831671,49.0684545891091
"3453/5436",8.36944556239153,49.0685300872257
"3453/5436",8.36955920407575,49.0595387252269
"3453/5437",8.36944556239153,49.0685300872257
"3453/5437",8.3557611831671,49.0684545891091
"3453/5437",8.35564501543498,49.0774459130753
"3453/5437",8.369331864218,49.0775214349746
"3453/5437",8.36944556239153,49.0685300872257
"3453/5438",8.369331864218,49.0775214349746
"3453/5438",8.35564501543498,49.0774459130753
"3453/5438",8.3555287899498,49.0864372227835
"3453/5438",8.369218109519,49.0865127684739
"3453/5438",8.369331864218,49.0775214349746
"3453/5439",8.369218109519,49.0865127684739
"3453/5439",8.3555287899498,49.0864372227835
"3453/5439",8.35541250667461,49.0954285182342
"3453/5439",8.36910429825836,49.0955040877243
"3453/5439",8.369218109519,49.0865127684739
"3453/5440",8.36910429825836,49.0955040877243
"3453/5440",8.35541250667461,49.0954285182342
"3453/5440",8.3552961655724,49.104419799428
"3453/5440",8.36899043039987,49.1044953927264
"3453/5440",8.36910429825836,49.0955040877243
"3465/5420",8.53508483485491,48.9164502641219
"3465/5420",8.52144166061056,48.9163945342502
"3465/5420",8.52135585694549,48.9253863508207
"3465/5420",8.53500148037514,48.9254420982351
"3465/5420",8.53508483485491,48.9164502641219
"3466/5420",8.54872805041388,48.9165043801361
"3466/5420",8.53508483485491,48.9164502641219
"3466/5420",8.53500148037514,48.9254420982351
"3466/5420",8.54864714514574,48.9254962312838
"3466/5420",8.54872805041388,48.9165043801361
"3466/5421",8.54864714514574,48.9254962312838
"3466/5421",8.53500148037514,48.9254420982351
"3466/5421",8.53491808455439,48.9344339181766
"3466/5421",8.54856619975132,48.934488068266
"3466/5421",8.54864714514574,48.9254962312838
"3466/5422",8.54856619975132,48.934488068266
"3466/5422",8.53491808455439,48.9344339181766
"3466/5422",8.53483464736633,48.9434257239471
"3466/5422",8.54848521420507,48.9434798910833
"3466/5422",8.54856619975132,48.934488068266
"3466/5423",8.54848521420507,48.9434798910833
"3466/5423",8.53483464736633,48.9434257239471
"3466/5423",8.53475116878458,48.9524175155472
"3466/5423",8.54840418848136,48.9524716997363
"3466/5423",8.54848521420507,48.9434798910833
"3466/5424",8.54840418848136,48.9524716997363
"3466/5424",8.53475116878458,48.9524175155472
"3466/5424",8.53466764878275,48.9614092929775
"3466/5424",8.54832312255459,48.9614634942255
"3466/5424",8.54840418848136,48.9524716997363
"3466/5425",8.54832312255459,48.9614634942255
"3466/5425",8.53466764878275,48.9614092929775
"3466/5425",8.5345840873344,48.9704010562385
"3466/5425",8.54824201639912,48.9704552745516
"3466/5425",8.54832312255459,48.9614634942255
"3466/5426",8.54824201639912,48.9704552745516
"3466/5426",8.5345840873344,48.9704010562385
"3466/5426",8.5345004844131,48.979392805331
"3466/5426",8.54816086998927,48.9794470407152
"3466/5426",8.54824201639912,48.9704552745516
"3466/5427",8.54816086998927,48.9794470407152
"3466/5427",8.5345004844131,48.979392805331
"3466/5427",8.53441683999239,48.9883845402553
"3466/5427",8.54807968329936,48.9884387927168
"3466/5427",8.54816086998927,48.9794470407152
"3466/5428",8.54807968329936,48.9884387927168
"3466/5428",8.53441683999239,48.9883845402553
"3466/5428",8.53433315404577,48.9973762610123
"3466/5428",8.54799845630366,48.9974305305571
"3466/5428",8.54807968329936,48.9884387927168
"3466/5429",8.54799845630366,48.9974305305571
"3466/5429",8.53433315404577,48.9973762610123
"3466/5429",8.53424942654673,49.0063679676024
"3466/5429",8.54791718897647,49.0064222542367
"3466/5429",8.54799845630366,48.9974305305571
"3466/5430",8.54791718897647,49.0064222542367
"3466/5430",8.53424942654673,49.0063679676024
"3466/5430",8.53416565746874,49.0153596600263
"3466/5430",8.547835881292,49.0154139637562
"3466/5430",8.54791718897647,49.0064222542367
"3466/5431",8.547835881292,49.0154139637562
"3466/5431",8.53416565746874,49.0153596600263
"3466/5431",8.53408184678523,49.0243513382846
"3466/5431",8.54775453322449,49.0244056591162
"3466/5431",8.547835881292,49.0154139637562
"3466/5432",8.54775453322449,49.0244056591162
"3466/5432",8.53408184678523,49.0243513382846
"3466/5432",8.53399799446962,49.0333430023778
"3466/5432",8.54767314474813,49.0333973403174
"3466/5432",8.54775453322449,49.0244056591162
"3466/5433",8.54767314474813,49.0333973403174
"3466/5433",8.53399799446962,49.0333430023778
"3466/5433",8.5339141004953,49.0423346523067
"3466/5433",8.5475917158371,49.0423890073603
"3466/5433",8.54767314474813,49.0333973403174
"3466/5434",8.5475917158371,49.0423890073603
"3466/5434",8.5339141004953,49.0423346523067
"3466/5434",8.53383016483564,49.0513262880718
"3466/5434",8.54751024646554,49.0513806602455
"3466/5434",8.5475917158371,49.0423890073603
"3466/5435",8.54751024646554,49.0513806602455
"3466/5435",8.53383016483564,49.0513262880718
"3466/5435",8.533746187464,49.0603179096737
"3466/5435",8.54742873660759,49.0603722989737
"3466/5435",8.54751024646554,49.0513806602455
"3466/5436",8.54742873660759,49.0603722989737
"3466/5436",8.533746187464,49.0603179096737
"3466/5436",8.53366216835368,49.0693095171131
"3466/5436",8.54734718623735,49.0693639235455
"3466/5436",8.54742873660759,49.0603722989737
"3466/5437",8.54734718623735,49.0693639235455
"3466/5437",8.53366216835368,49.0693095171131
"3466/5437",8.53357810747799,49.0783011103905
"3466/5437",8.5472655953289,49.0783555339614
"3466/5437",8.54734718623735,49.0693639235455
"3466/5438",8.5472655953289,49.0783555339614
"3466/5438",8.53357810747799,49.0783011103905
"3466/5438",8.5334940048102,49.0872926895065
"3466/5438",8.54718396385631,49.0873471302222
"3466/5438",8.5472655953289,49.0783555339614
"3466/5439",8.54718396385631,49.0873471302222
"3466/5439",8.5334940048102,49.0872926895065
"3466/5439",8.53340986032356,49.0962842544619
"3466/5439",8.54710229179361,49.0963387123285
"3466/5439",8.54718396385631,49.0873471302222
"3466/5440",8.54710229179361,49.0963387123285
"3466/5440",8.53340986032356,49.0962842544619
"3466/5440",8.53332567399131,49.1052758052571
"3466/5440",8.54702057911481,49.1053302802808
"3466/5440",8.54710229179361,49.0963387123285
"3462/5420",8.49415544092131,48.9162782329829
"3462/5420",8.48051239790414,48.9162176616127
"3462/5420",8.48041924684884,48.9252094225073
"3462/5420",8.49406473896769,48.9252700129441
"3462/5420",8.49415544092131,48.9162782329829
"3462/5421",8.49406473896769,48.9252700129441
"3462/5421",8.48041924684884,48.9252094225073
"3462/5421",8.48032604959402,48.9342011692041
"3462/5421",8.49397399202916,48.9342617787144
"3462/5421",8.49406473896769,48.9252700129441
"3462/5422",8.49397399202916,48.9342617787144
"3462/5422",8.48032604959402,48.9342011692041
"3462/5422",8.48023280611023,48.9431929017038
"3462/5422",8.49388320007703,48.9432535302943
"3462/5422",8.49397399202916,48.9342617787144
"3462/5423",8.49388320007703,48.9432535302943
"3462/5423",8.48023280611023,48.9431929017038
"3462/5423",8.480139516368,48.9521846200068
"3462/5423",8.49379236308261,48.9522452676845
"3462/5423",8.49388320007703,48.9432535302943
"3462/5424",8.49379236308261,48.9522452676845
"3462/5424",8.480139516368,48.9521846200068
"3462/5424",8.48004618033784,48.9611763241138
"3462/5424",8.49370148101718,48.9612369908854
"3462/5424",8.49379236308261,48.9522452676845
"3462/5425",8.49370148101718,48.9612369908854
"3462/5425",8.48004618033784,48.9611763241138
"3462/5425",8.47995279799021,48.9701680140253
"3462/5425",8.493610553852,48.9702286998977
"3462/5425",8.49370148101718,48.9612369908854
"3462/5426",8.493610553852,48.9702286998977
"3462/5426",8.47995279799021,48.9701680140253
"3462/5426",8.47985936929557,48.979159689742
"3462/5426",8.49351958155827,48.9792203947219
"3462/5426",8.493610553852,48.9702286998977
"3462/5427",8.49351958155827,48.9792203947219
"3462/5427",8.47985936929557,48.979159689742
"3462/5427",8.47976589422434,48.9881513512644
"3462/5427",8.49342856410722,48.9882120753588
"3462/5427",8.49351958155827,48.9792203947219
"3462/5428",8.49342856410722,48.9882120753588
"3462/5428",8.47976589422434,48.9881513512644
"3462/5428",8.47967237274693,48.9971429985931
"3462/5428",8.49333750147001,48.9972037418087
"3462/5428",8.49342856410722,48.9882120753588
"3462/5429",8.49333750147001,48.9972037418087
"3462/5429",8.47967237274693,48.9971429985931
"3462/5429",8.4795788048337,49.0061346317287
"3462/5429",8.49324639361779,49.0061953940724
"3462/5429",8.49333750147001,48.9972037418087
"3462/5430",8.49324639361779,49.0061953940724
"3462/5430",8.4795788048337,49.0061346317287
"3462/5430",8.47948519045499,49.0151262506717
"3462/5430",8.49315524052168,49.0151870321504
"3462/5430",8.49324639361779,49.0061953940724
"3462/5431",8.49315524052168,49.0151870321504
"3462/5431",8.47948519045499,49.0151262506717
"3462/5431",8.47939152958113,49.0241178554229
"3462/5431",8.4930640421528,49.0241786560433
"3462/5431",8.49315524052168,49.0151870321504
"3462/5432",8.4930640421528,49.0241786560433
"3462/5432",8.47939152958113,49.0241178554229
"3462/5432",8.4792978221824,49.0331094459826
"3462/5432",8.49297279848221,49.0331702657518
"3462/5432",8.4930640421528,49.0241786560433
"3462/5433",8.49297279848221,49.0331702657518
"3462/5433",8.4792978221824,49.0331094459826
"3462/5433",8.47920406822908,49.0421010223516
"3462/5433",8.49288150948096,49.0421618612763
"3462/5433",8.49297279848221,49.0331702657518
"3462/5434",8.49288150948096,49.0421618612763
"3462/5434",8.47920406822908,49.0421010223516
"3462/5434",8.47911026769141,49.0510925845305
"3462/5434",8.49279017512007,49.0511534426175
"3462/5434",8.49288150948096,49.0421618612763
"3462/5435",8.49279017512007,49.0511534426175
"3462/5435",8.47911026769141,49.0510925845305
"3462/5435",8.47901642053959,49.0600841325197
"3462/5435",8.49269879537053,49.0601450097761
"3462/5435",8.49279017512007,49.0511534426175
"3462/5436",8.49269879537053,49.0601450097761
"3462/5436",8.47901642053959,49.0600841325197
"3462/5436",8.47892252674382,49.06907566632
"3462/5436",8.49260737020333,49.0691365627525
"3462/5436",8.49269879537053,49.0601450097761
"3462/5437",8.49260737020333,49.0691365627525
"3462/5437",8.47892252674382,49.06907566632
"3462/5437",8.47882858627426,49.0780671859319
"3462/5437",8.4925158995894,49.0781281015474
"3462/5437",8.49260737020333,49.0691365627525
"3462/5438",8.4925158995894,49.0781281015474
"3462/5438",8.47882858627426,49.0780671859319
"3462/5438",8.47873459910103,49.087058691356
"3462/5438",8.49242438349966,49.0871196261614
"3462/5438",8.4925158995894,49.0781281015474
"3462/5439",8.49242438349966,49.0871196261614
"3462/5439",8.47873459910103,49.087058691356
"3462/5439",8.47864056519426,49.0960501825929
"3462/5439",8.49233282190501,49.0961111365952
"3462/5439",8.49242438349966,49.0871196261614
"3462/5440",8.49233282190501,49.0961111365952
"3462/5440",8.47864056519426,49.0960501825929
"3462/5440",8.47854648452402,49.1050416596432
"3462/5440",8.49224121477631,49.1051026328492
"3462/5440",8.49233282190501,49.0961111365952
"3465/5421",8.53500148037514,48.9254420982351
"3465/5421",8.52135585694549,48.9253863508207
"3465/5421",8.52127001072476,48.9343781532134
"3465/5421",8.53491808455439,48.9344339181766
"3465/5421",8.53500148037514,48.9254420982351
"3465/5422",8.53491808455439,48.9344339181766
"3465/5422",8.52127001072476,48.9343781532134
"3465/5422",8.52118412192127,48.9433699414287
"3465/5422",8.53483464736633,48.9434257239471
"3465/5422",8.53491808455439,48.9344339181766
"3465/5423",8.53483464736633,48.9434257239471
"3465/5423",8.52118412192127,48.9433699414287
"3465/5423",8.52109819050787,48.9523617154674
"3465/5423",8.53475116878458,48.9524175155472
"3465/5423",8.53483464736633,48.9434257239471
"3465/5424",8.53475116878458,48.9524175155472
"3465/5424",8.52109819050787,48.9523617154674
"3465/5424",8.52101221645738,48.96135347533
"3465/5424",8.53466764878275,48.9614092929775
"3465/5424",8.53475116878458,48.9524175155472
"3465/5425",8.53466764878275,48.9614092929775
"3465/5425",8.52101221645738,48.96135347533
"3465/5425",8.52092619974261,48.970345221017
"3465/5425",8.5345840873344,48.9704010562385
"3465/5425",8.53466764878275,48.9614092929775
"3465/5426",8.5345840873344,48.9704010562385
"3465/5426",8.52092619974261,48.970345221017
"3465/5426",8.52084014033633,48.9793369525292
"3465/5426",8.5345004844131,48.979392805331
"3465/5426",8.5345840873344,48.9704010562385
"3465/5427",8.5345004844131,48.979392805331
"3465/5427",8.52084014033633,48.9793369525292
"3465/5427",8.52075403821131,48.988328669867
"3465/5427",8.53441683999239,48.9883845402553
"3465/5427",8.5345004844131,48.979392805331
"3465/5428",8.53441683999239,48.9883845402553
"3465/5428",8.52075403821131,48.988328669867
"3465/5428",8.52066789334028,48.9973203730311
"3465/5428",8.53433315404577,48.9973762610123
"3465/5428",8.53441683999239,48.9883845402553
"3465/5429",8.53433315404577,48.9973762610123
"3465/5429",8.52066789334028,48.9973203730311
"3465/5429",8.52058170569594,49.006312062022
"3465/5429",8.53424942654673,49.0063679676024
"3465/5429",8.53433315404577,48.9973762610123
"3465/5430",8.53424942654673,49.0063679676024
"3465/5430",8.52058170569594,49.006312062022
"3465/5430",8.52049547525097,49.0153037368405
"3465/5430",8.53416565746874,49.0153596600263
"3465/5430",8.53424942654673,49.0063679676024
"3465/5431",8.53416565746874,49.0153596600263
"3465/5431",8.52049547525097,49.0153037368405
"3465/5431",8.52040920197804,49.024295397487
"3465/5431",8.53408184678523,49.0243513382846
"3465/5431",8.53416565746874,49.0153596600263
"3465/5432",8.53408184678523,49.0243513382846
"3465/5432",8.52040920197804,49.024295397487
"3465/5432",8.52032288584979,49.0332870439622
"3465/5432",8.53399799446962,49.0333430023778
"3465/5432",8.53408184678523,49.0243513382846
"3465/5433",8.53399799446962,49.0333430023778
"3465/5433",8.52032288584979,49.0332870439622
"3465/5433",8.52023652683882,49.0422786762666
"3465/5433",8.5339141004953,49.0423346523067
"3465/5433",8.53399799446962,49.0333430023778
"3465/5434",8.5339141004953,49.0423346523067
"3465/5434",8.52023652683882,49.0422786762666
"3465/5434",8.52015012491772,49.051270294401
"3465/5434",8.53383016483564,49.0513262880718
"3465/5434",8.5339141004953,49.0423346523067
"3465/5435",8.53383016483564,49.0513262880718
"3465/5435",8.52015012491772,49.051270294401
"3465/5435",8.52006368005906,49.0602618983659
"3465/5435",8.533746187464,49.0603179096737
"3465/5435",8.53383016483564,49.0513262880718
"3465/5436",8.533746187464,49.0603179096737
"3465/5436",8.52006368005906,49.0602618983659
"3465/5436",8.51997719223536,49.0692534881619
"3465/5436",8.53366216835368,49.0693095171131
"3465/5436",8.533746187464,49.0603179096737
"3465/5437",8.53366216835368,49.0693095171131
"3465/5437",8.51997719223536,49.0692534881619
"3465/5437",8.51989066141915,49.0782450637896
"3465/5437",8.53357810747799,49.0783011103905
"3465/5437",8.53366216835368,49.0693095171131
"3465/5438",8.53357810747799,49.0783011103905
"3465/5438",8.51989066141915,49.0782450637896
"3465/5438",8.51980408758292,49.0872366252496
"3465/5438",8.5334940048102,49.0872926895065
"3465/5438",8.53357810747799,49.0783011103905
"3465/5439",8.5334940048102,49.0872926895065
"3465/5439",8.51980408758292,49.0872366252496
"3465/5439",8.51971747069912,49.0962281725425
"3465/5439",8.53340986032356,49.0962842544619
"3465/5439",8.5334940048102,49.0872926895065
"3465/5440",8.53340986032356,49.0962842544619
"3465/5440",8.51971747069912,49.0962281725425
"3465/5440",8.51963081074021,49.105219705669
"3465/5440",8.53332567399131,49.1052758052571
"3465/5440",8.53340986032356,49.0962842544619
"3450/5420",8.33044223896324,48.9154448684501
"3450/5420",8.31679983009176,48.9153649323712
"3450/5420",8.31667729233214,48.9243564248446
"3450/5420",8.33032214990123,48.9244363860855
"3450/5420",8.33044223896324,48.9154448684501
"3450/5421",8.33032214990123,48.9244363860855
"3450/5421",8.31667729233214,48.9243564248446
"3450/5421",8.31655469380001,48.9333479030245
"3450/5421",8.33020200128096,48.9334278894364
"3450/5421",8.33032214990123,48.9244363860855
"3450/5422",8.33020200128096,48.9334278894364
"3450/5422",8.31655469380001,48.9333479030245
"3450/5422",8.31643203445663,48.9423393669112
"3450/5422",8.33008179306446,48.9424193785031
"3450/5422",8.33020200128096,48.9334278894364
"3450/5423",8.33008179306446,48.9424193785031
"3450/5423",8.31643203445663,48.9423393669112
"3450/5423",8.31630931426325,48.9513308165053
"3450/5423",8.32996152521375,48.9514108532863
"3450/5423",8.33008179306446,48.9424193785031
"3450/5424",8.32996152521375,48.9514108532863
"3450/5424",8.31630931426325,48.9513308165053
"3450/5424",8.31618653318105,48.9603222518074
"3450/5424",8.32984119769078,48.9604023137863
"3450/5424",8.32996152521375,48.9514108532863
"3450/5425",8.32984119769078,48.9604023137863
"3450/5425",8.31618653318105,48.9603222518074
"3450/5425",8.31606369117121,48.9693136728179
"3450/5425",8.32972081045753,48.9693937600039
"3450/5425",8.32984119769078,48.9604023137863
"3450/5426",8.32972081045753,48.9693937600039
"3450/5426",8.31606369117121,48.9693136728179
"3450/5426",8.31594078819486,48.9783050795374
"3450/5426",8.32960036347587,48.9783851919394
"3450/5426",8.32972081045753,48.9693937600039
"3450/5427",8.32960036347587,48.9783851919394
"3450/5427",8.31594078819486,48.9783050795374
"3450/5427",8.31581782421309,48.9872964719663
"3450/5427",8.3294798567077,48.9873766095934
"3450/5427",8.32960036347587,48.9783851919394
"3450/5428",8.3294798567077,48.9873766095934
"3450/5428",8.31581782421309,48.9872964719663
"3450/5428",8.31569479918697,48.9962878501053
"3450/5428",8.32935929011484,48.9963680129664
"3450/5428",8.3294798567077,48.9873766095934
"3450/5429",8.32935929011484,48.9963680129664
"3450/5429",8.31569479918697,48.9962878501053
"3450/5429",8.31557171307752,49.0052792139547
"3450/5429",8.32923866365912,49.005359402059
"3450/5429",8.32935929011484,48.9963680129664
"3450/5430",8.32923866365912,49.005359402059
"3450/5430",8.31557171307752,49.0052792139547
"3450/5430",8.31544856584575,49.0142705635152
"3450/5430",8.3291179773023,49.0143507768716
"3450/5430",8.32923866365912,49.005359402059
"3450/5431",8.3291179773023,49.0143507768716
"3450/5431",8.31544856584575,49.0142705635152
"3450/5431",8.31532535745261,49.0232618987872
"3450/5431",8.32899723100612,49.0233421374048
"3450/5431",8.3291179773023,49.0143507768716
"3450/5432",8.32899723100612,49.0233421374048
"3450/5432",8.31532535745261,49.0232618987872
"3450/5432",8.31520208785901,49.0322532197714
"3450/5432",8.32887642473228,49.0323334836592
"3450/5432",8.32899723100612,49.0233421374048
"3450/5433",8.32887642473228,49.0323334836592
"3450/5433",8.31520208785901,49.0322532197714
"3450/5433",8.31507875702586,49.0412445264681
"3450/5433",8.32875555844246,49.0413248156353
"3450/5433",8.32887642473228,49.0323334836592
"3450/5434",8.32875555844246,49.0413248156353
"3450/5434",8.31507875702586,49.0412445264681
"3450/5434",8.31495536491401,49.0502358188779
"3450/5434",8.32863463209829,49.0503161333335
"3450/5434",8.32875555844246,49.0413248156353
"3450/5435",8.32863463209829,49.0503161333335
"3450/5435",8.31495536491401,49.0502358188779
"3450/5435",8.31483191148429,49.0592270970015
"3450/5435",8.32851364566139,49.0593074367544
"3450/5435",8.32863463209829,49.0503161333335
"3450/5436",8.32851364566139,49.0593074367544
"3450/5436",8.31483191148429,49.0592270970015
"3450/5436",8.31470839669747,49.0682183608392
"3450/5436",8.3283925990933,49.0682987258987
"3450/5436",8.32851364566139,49.0593074367544
"3450/5437",8.3283925990933,49.0682987258987
"3450/5437",8.31470839669747,49.0682183608392
"3450/5437",8.3145848205143,49.0772096103916
"3450/5437",8.32827149235559,49.0772900007667
"3450/5437",8.3283925990933,49.0682987258987
"3461/5420",8.48051239790414,48.9162176616127
"3461/5420",8.46686940105704,48.9161554764357
"3461/5420",8.46677380092948,48.9251472177556
"3461/5420",8.48041924684884,48.9252094225073
"3461/5420",8.48051239790414,48.9162176616127
"3461/5421",8.48041924684884,48.9252094225073
"3461/5421",8.46677380092948,48.9251472177556
"3461/5421",8.46667815338782,48.9341389448708
"3461/5421",8.48032604959402,48.9342011692041
"3461/5421",8.48041924684884,48.9252094225073
"3461/5422",8.48032604959402,48.9342011692041
"3461/5422",8.46667815338782,48.9341389448708
"3461/5422",8.46658245840184,48.9431306577818
"3461/5422",8.48023280611023,48.9431929017038
"3461/5422",8.48032604959402,48.9342011692041
"3461/5423",8.48023280611023,48.9431929017038
"3461/5423",8.46658245840184,48.9431306577818
"3461/5423",8.4664867159413,48.9521223564892
"3461/5423",8.480139516368,48.9521846200068
"3461/5423",8.48023280611023,48.9431929017038
"3461/5424",8.480139516368,48.9521846200068
"3461/5424",8.4664867159413,48.9521223564892
"3461/5424",8.46639092597593,48.9611140409935
"3461/5424",8.48004618033784,48.9611763241138
"3461/5424",8.480139516368,48.9521846200068
"3461/5425",8.48004618033784,48.9611763241138
"3461/5425",8.46639092597593,48.9611140409935
"3461/5425",8.46629508847541,48.9701057112954
"3461/5425",8.47995279799021,48.9701680140253
"3461/5425",8.48004618033784,48.9611763241138
"3461/5426",8.47995279799021,48.9701680140253
"3461/5426",8.46629508847541,48.9701057112954
"3461/5426",8.46619920340943,48.9790973673955
"3461/5426",8.47985936929557,48.979159689742
"3461/5426",8.47995279799021,48.9701680140253
"3461/5427",8.47985936929557,48.979159689742
"3461/5427",8.46619920340943,48.9790973673955
"3461/5427",8.46610327074764,48.9880890092942
"3461/5427",8.47976589422434,48.9881513512644
"3461/5427",8.47985936929557,48.979159689742
"3461/5428",8.47976589422434,48.9881513512644
"3461/5428",8.46610327074764,48.9880890092942
"3461/5428",8.46600729045965,48.9970806369922
"3461/5428",8.47967237274693,48.9971429985931
"3461/5428",8.47976589422434,48.9881513512644
"3461/5429",8.47967237274693,48.9971429985931
"3461/5429",8.46600729045965,48.9970806369922
"3461/5429",8.46591126251506,49.00607225049
"3461/5429",8.4795788048337,49.0061346317287
"3461/5429",8.47967237274693,48.9971429985931
"3461/5430",8.4795788048337,49.0061346317287
"3461/5430",8.46591126251506,49.00607225049
"3461/5430",8.46581518688343,49.0150638497883
"3461/5430",8.47948519045499,49.0151262506717
"3461/5430",8.4795788048337,49.0061346317287
"3461/5431",8.47948519045499,49.0151262506717
"3461/5431",8.46581518688343,49.0150638497883
"3461/5431",8.46571906353429,49.0240554348876
"3461/5431",8.47939152958113,49.0241178554229
"3461/5431",8.47948519045499,49.0151262506717
"3461/5432",8.47939152958113,49.0241178554229
"3461/5432",8.46571906353429,49.0240554348876
"3461/5432",8.46562289243717,49.0330470057885
"3461/5432",8.4792978221824,49.0331094459826
"3461/5432",8.47939152958113,49.0241178554229
"3454/5437",8.38312999810528,49.0686039629946
"3454/5437",8.36944556239153,49.0685300872257
"3454/5437",8.369331864218,49.0775214349746
"3454/5437",8.38301876952648,49.077595334015
"3454/5437",8.38312999810528,49.0686039629946
"3454/5438",8.38301876952648,49.077595334015
"3454/5438",8.369331864218,49.0775214349746
"3454/5438",8.369218109519,49.0865127684739
"3454/5438",8.38290748564983,49.0865866907942
"3454/5438",8.38301876952648,49.077595334015
"3454/5439",8.38290748564983,49.0865866907942
"3454/5439",8.369218109519,49.0865127684739
"3454/5439",8.36910429825836,49.0955040877243
"3454/5439",8.38279614643995,49.0955780333329
"3454/5439",8.38290748564983,49.0865866907942
"3454/5440",8.38279614643995,49.0955780333329
"3454/5440",8.36910429825836,49.0955040877243
"3454/5440",8.36899043039987,49.1044953927264
"3454/5440",8.3826847518614,49.1045693616316
"3454/5440",8.38279614643995,49.0955780333329
"3461/5433",8.4792978221824,49.0331094459826
"3461/5433",8.46562289243717,49.0330470057885
"3461/5433",8.46552667356155,49.0420385624916
"3461/5433",8.47920406822908,49.0421010223516
"3461/5433",8.4792978221824,49.0331094459826
"3461/5434",8.47920406822908,49.0421010223516
"3461/5434",8.46552667356155,49.0420385624916
"3461/5434",8.46543040687687,49.0510301049975
"3461/5434",8.47911026769141,49.0510925845305
"3461/5434",8.47920406822908,49.0421010223516
"3461/5435",8.47911026769141,49.0510925845305
"3461/5435",8.46543040687687,49.0510301049975
"3461/5435",8.46533409235259,49.0600216333067
"3461/5435",8.47901642053959,49.0600841325197
"3461/5435",8.47911026769141,49.0510925845305
"3461/5436",8.47901642053959,49.0600841325197
"3461/5436",8.46533409235259,49.0600216333067
"3461/5436",8.46523772995809,49.06901314742
"3461/5436",8.47892252674382,49.06907566632
"3461/5436",8.47901642053959,49.0600841325197
"3461/5437",8.47892252674382,49.06907566632
"3461/5437",8.46523772995809,49.06901314742
"3461/5437",8.46514131966276,49.0780046473377
"3461/5437",8.47882858627426,49.0780671859319
"3461/5437",8.47892252674382,49.06907566632
"3461/5438",8.47882858627426,49.0780671859319
"3461/5438",8.46514131966276,49.0780046473377
"3461/5438",8.46504486143594,49.0869961330606
"3461/5438",8.47873459910103,49.087058691356
"3461/5438",8.47882858627426,49.0780671859319
"3461/5439",8.47873459910103,49.087058691356
"3461/5439",8.46504486143594,49.0869961330606
"3461/5439",8.46494835524696,49.0959876045892
"3461/5439",8.47864056519426,49.0960501825929
"3461/5439",8.47873459910103,49.087058691356
"3461/5440",8.47864056519426,49.0960501825929
"3461/5440",8.46494835524696,49.0959876045892
"3461/5440",8.46485180106512,49.1049790619242
"3461/5440",8.47854648452402,49.1050416596432
"3461/5440",8.47864056519426,49.0960501825929
"3467/5420",8.56237130607355,48.9165568822807
"3467/5420",8.54872805041388,48.9165043801361
"3467/5420",8.54864714514574,48.9254962312838
"3467/5420",8.56229285004259,48.925548749955
"3467/5420",8.56237130607355,48.9165568822807
"3467/5421",8.56229285004259,48.925548749955
"3467/5421",8.54864714514574,48.9254962312838
"3467/5421",8.54856619975132,48.934488068266
"3467/5421",8.56221435510008,48.9345406034697
"3467/5421",8.56229285004259,48.925548749955
"3467/5422",8.56221435510008,48.9345406034697
"3467/5422",8.54856619975132,48.934488068266
"3467/5422",8.54848521420507,48.9434798910833
"3467/5422",8.56213582122122,48.9435324428254
"3467/5422",8.56221435510008,48.9345406034697
"3467/5423",8.56213582122122,48.9435324428254
"3467/5423",8.54848521420507,48.9434798910833
"3467/5423",8.54840418848136,48.9524716997363
"3467/5423",8.56205724838118,48.9525242680226
"3467/5423",8.56213582122122,48.9435324428254
"3467/5424",8.56205724838118,48.9525242680226
"3467/5424",8.54840418848136,48.9524716997363
"3467/5424",8.54832312255459,48.9614634942255
"3467/5424",8.56197863655513,48.961516079062
"3467/5424",8.56205724838118,48.9525242680226
"3467/5425",8.56197863655513,48.961516079062
"3467/5425",8.54832312255459,48.9614634942255
"3467/5425",8.54824201639912,48.9704552745516
"3467/5425",8.56189998571819,48.9705078759442
"3467/5425",8.56197863655513,48.961516079062
"3467/5426",8.56189998571819,48.9705078759442
"3467/5426",8.54824201639912,48.9704552745516
"3467/5426",8.54816086998927,48.9794470407152
"3467/5426",8.56182129584548,48.9794996586699
"3467/5426",8.56189998571819,48.9705078759442
"3467/5427",8.56182129584548,48.9794996586699
"3467/5427",8.54816086998927,48.9794470407152
"3467/5427",8.54807968329936,48.9884387927168
"3467/5427",8.56174256691207,48.9884914272394
"3467/5427",8.56182129584548,48.9794996586699
"3467/5428",8.56174256691207,48.9884914272394
"3467/5428",8.54807968329936,48.9884387927168
"3467/5428",8.54799845630366,48.9974305305571
"3467/5428",8.56166379889305,48.9974831816536
"3467/5428",8.56174256691207,48.9884914272394
"3467/5429",8.56166379889305,48.9974831816536
"3467/5429",8.54799845630366,48.9974305305571
"3467/5429",8.54791718897647,49.0064222542367
"3467/5429",8.56158499176345,49.0064749219131
"3467/5429",8.56166379889305,48.9974831816536
"3467/5430",8.56158499176345,49.0064749219131
"3467/5430",8.54791718897647,49.0064222542367
"3467/5430",8.547835881292,49.0154139637562
"3467/5430",8.56150614549829,49.0154666480184
"3467/5430",8.56158499176345,49.0064749219131
"3467/5431",8.56150614549829,49.0154666480184
"3467/5431",8.547835881292,49.0154139637562
"3467/5431",8.54775453322449,49.0244056591162
"3467/5431",8.56142726007258,49.0244583599701
"3467/5431",8.56150614549829,49.0154666480184
"3467/5432",8.56142726007258,49.0244583599701
"3467/5432",8.54775453322449,49.0244056591162
"3467/5432",8.54767314474813,49.0333973403174
"3467/5432",8.5613483354613,49.0334500577689
"3467/5432",8.56142726007258,49.0244583599701
"3467/5433",8.5613483354613,49.0334500577689
"3467/5433",8.54767314474813,49.0333973403174
"3467/5433",8.5475917158371,49.0423890073603
"3467/5433",8.56126937163939,49.0424417414154
"3467/5433",8.5613483354613,49.0334500577689
"3467/5434",8.56126937163939,49.0424417414154
"3467/5434",8.5475917158371,49.0423890073603
"3467/5434",8.54751024646554,49.0513806602455
"3467/5434",8.56119036858181,49.0514334109102
"3467/5434",8.56126937163939,49.0424417414154
"3467/5435",8.56119036858181,49.0514334109102
"3467/5435",8.54751024646554,49.0513806602455
"3467/5435",8.54742873660759,49.0603722989737
"3467/5435",8.56111132626344,49.0604250662539
"3467/5435",8.56119036858181,49.0514334109102
"3467/5436",8.56111132626344,49.0604250662539
"3467/5436",8.54742873660759,49.0603722989737
"3467/5436",8.54734718623735,49.0693639235455
"3467/5436",8.5610322446592,49.0694167074471
"3467/5436",8.56111132626344,49.0604250662539
"3467/5437",8.5610322446592,49.0694167074471
"3467/5437",8.54734718623735,49.0693639235455
"3467/5437",8.5472655953289,49.0783555339614
"3467/5437",8.56095312374394,49.0784083344905
"3467/5437",8.5610322446592,49.0694167074471
"3467/5438",8.56095312374394,49.0784083344905
"3467/5438",8.5472655953289,49.0783555339614
"3467/5438",8.54718396385631,49.0873471302222
"3467/5438",8.5608739634925,49.0873999473847
"3467/5438",8.56095312374394,49.0784083344905
"3467/5439",8.5608739634925,49.0873999473847
"3467/5439",8.54718396385631,49.0873471302222
"3467/5439",8.54710229179361,49.0963387123285
"3467/5439",8.56079476387972,49.0963915461304
"3467/5439",8.5608739634925,49.0873999473847
"3467/5440",8.56079476387972,49.0963915461304
"3467/5440",8.54710229179361,49.0963387123285
"3467/5440",8.54702057911481,49.1053302802808
"3467/5440",8.56071552488039,49.105383130728
"3467/5440",8.56079476387972,49.0963915461304
"7216/3",8.3323995,48.748994
"7216/3",8.3323998,48.6989996
"7216/3",8.4157211,48.6989999
"7216/3",8.4157208,48.7489941
"7216/3",8.3323995,48.748994
"7216/4",8.4157211,48.6989999
"7216/4",8.4990426,48.6990001
"7216/4",8.4990422,48.7489944
"7216/4",8.4157208,48.7489941
"7216/4",8.4157211,48.6989999
"7215/2",8.2490777,48.798988
"7215/2",8.249078,48.7489937
"7215/2",8.3323995,48.748994
"7215/2",8.3323991,48.7989882
"7215/2",8.2490777,48.798988
"7216/1",8.3323995,48.748994
"7216/1",8.4157208,48.7489941
"7216/1",8.4157206,48.7989885
"7216/1",8.3323991,48.7989882
"7216/1",8.3323995,48.748994
"7216/2",8.4157208,48.7489941
"7216/2",8.4990422,48.7489944
"7216/2",8.4990419,48.7989887
"7216/2",8.4157206,48.7989885
"7216/2",8.4157208,48.7489941
"7217/1",8.4990422,48.7489944
"7217/1",8.5823637,48.7489947
"7217/1",8.5823634,48.7989889
"7217/1",8.4990419,48.7989887
"7217/1",8.4990422,48.7489944
"7115/3",8.1657561,48.8489821
"7115/3",8.1657564,48.7989878
"7115/3",8.2490777,48.798988
"7115/3",8.2490774,48.8489823
"7115/3",8.1657561,48.8489821
"7115/4",8.2490777,48.798988
"7115/4",8.3323991,48.7989882
"7115/4",8.3323989,48.8489825
"7115/4",8.2490774,48.8489823
"7115/4",8.2490777,48.798988
"7116/3",8.3323989,48.8489825
"7116/3",8.3323991,48.7989882
"7116/3",8.4157206,48.7989885
"7116/3",8.4157202,48.8489828
"7116/3",8.3323989,48.8489825
"7116/4",8.4157206,48.7989885
"7116/4",8.4990419,48.7989887
"7116/4",8.4990416,48.8489829
"7116/4",8.4157202,48.8489828
"7116/4",8.4157206,48.7989885
"7117/3",8.4990419,48.7989887
"7117/3",8.5823634,48.7989889
"7117/3",8.582363,48.8489832
"7117/3",8.4990416,48.8489829
"7117/3",8.4990419,48.7989887
"7117/4",8.5823634,48.7989889
"7117/4",8.6656847,48.7989891
"7117/4",8.6656844,48.8489835
"7117/4",8.582363,48.8489832
"7117/4",8.5823634,48.7989889
"7115/1",8.1657561,48.8489821
"7115/1",8.2490774,48.8489823
"7115/1",8.2490772,48.8989766
"7115/1",8.1657557,48.8989764
"7115/1",8.1657561,48.8489821
"7115/2",8.2490774,48.8489823
"7115/2",8.3323989,48.8489825
"7115/2",8.3323985,48.8989769
"7115/2",8.2490772,48.8989766
"7115/2",8.2490774,48.8489823
"7116/1",8.3323985,48.8989769
"7116/1",8.3323989,48.8489825
"7116/1",8.4157202,48.8489828
"7116/1",8.4157199,48.8989771
"7116/1",8.3323985,48.8989769
"7116/2",8.4157202,48.8489828
"7116/2",8.4990416,48.8489829
"7116/2",8.4990413,48.8989772
"7116/2",8.4157199,48.8989771
"7116/2",8.4157202,48.8489828
"7117/1",8.4990416,48.8489829
"7117/1",8.582363,48.8489832
"7117/1",8.5823627,48.8989775
"7117/1",8.4990413,48.8989772
"7117/1",8.4990416,48.8489829
"7117/2",8.582363,48.8489832
"7117/2",8.6656844,48.8489835
"7117/2",8.665684,48.8989778
"7117/2",8.5823627,48.8989775
"7117/2",8.582363,48.8489832
"7118/1",8.6656844,48.8489835
"7118/1",8.7490057,48.8489837
"7118/1",8.7490055,48.898978
"7118/1",8.665684,48.8989778
"7118/1",8.6656844,48.8489835
"7014/4",8.1657554,48.9489707
"7014/4",8.0824341,48.9489705
"7014/4",8.0824343,48.8989762
"7014/4",8.1657557,48.8989764
"7014/4",8.1657554,48.9489707
"7015/3",8.1657557,48.8989764
"7015/3",8.2490772,48.8989766
"7015/3",8.2490768,48.9489709
"7015/3",8.1657554,48.9489707
"7015/3",8.1657557,48.8989764
"7015/4",8.2490772,48.8989766
"7015/4",8.3323985,48.8989769
"7015/4",8.33239843407556,48.9154560991138
"7015/4",8.33044223896324,48.9154448684501
"7015/4",8.31679983009176,48.9153649323712
"7015/4",8.30315748195408,48.9152833826717
"7015/4",8.28951519576362,48.9152002193692
"7015/4",8.27587297273381,48.915115442482
"7015/4",8.27574308911662,48.924106856422
"7015/4",8.27561314108439,48.9330982560404
"7015/4",8.27548312859608,48.9420896413377
"7015/4",8.27538357741536,48.9489709631452
"7015/4",8.2490768,48.9489709
"7015/4",8.2490772,48.8989766
"7016/3",8.3323985,48.8989769
"7016/3",8.4157199,48.8989771
"7016/3",8.41571979840393,48.915907814346
"7016/3",8.41229789964511,48.915890597936
"7016/3",8.39865515185491,48.9158203439355
"7016/3",8.38501245751718,48.9157484762148
"7016/3",8.37136981784557,48.9156749947897
"7016/3",8.35772723405366,48.9155998996762
"7016/3",8.34408470735504,48.9155231908908
"7016/3",8.33239843407556,48.9154560991138
"7016/3",8.3323985,48.8989769
"7016/4",8.4157199,48.8989771
"7016/4",8.4990413,48.8989772
"7016/4",8.49904119605527,48.9162993463961
"7016/4",8.49415544092131,48.9162782329829
"7016/4",8.48051239790414,48.9162176616128
"7016/4",8.46686940105704,48.9161554764357
"7016/4",8.45322645159383,48.9160916774654
"7016/4",8.43958355072828,48.9160262647158
"7016/4",8.42594069967413,48.9159592382011
"7016/4",8.41571979840393,48.915907814346
"7016/4",8.4157199,48.8989771
"7017/3",8.4990413,48.8989772
"7017/3",8.5823627,48.8989775
"7017/3",8.5823623,48.9489718
"7017/3",8.56208829138203,48.948971727003
"7017/3",8.56213582122122,48.9435324428254
"7017/3",8.56221435510008,48.9345406034697
"7017/3",8.56229285004259,48.925548749955
"7017/3",8.56237130607355,48.9165568822807
"7017/3",8.54872805041388,48.9165043801361
"7017/3",8.53508483485491,48.9164502641219
"7017/3",8.52144166061056,48.9163945342502
"7017/3",8.50779852889474,48.916337190533
"7017/3",8.49904119605527,48.9162993463961
"7017/3",8.4990413,48.8989772
"7017/4",8.5823627,48.8989775
"7017/4",8.665684,48.8989778
"7017/4",8.6656837,48.9489721
"7017/4",8.5823623,48.9489718
"7017/4",8.5823627,48.8989775
"7018/3",8.665684,48.8989778
"7018/3",8.7490055,48.898978
"7018/3",8.749005,48.9489723
"7018/3",8.6656837,48.9489721
"7018/3",8.665684,48.8989778
"7015/1",8.1657554,48.9489707
"7015/1",8.2490768,48.9489709
"7015/1",8.2490766,48.9989652
"7015/1",8.1657552,48.9989649
"7015/1",8.1657554,48.9489707
"7015/2",8.2490768,48.9489709
"7015/2",8.27538357741536,48.9489709631452
"7015/2",8.27535305161058,48.9510810123143
"7015/2",8.27522291008678,48.9600723689707
"7015/2",8.27509270398352,48.9690637113074
"7015/2",8.2749624332596,48.978055039325
"7015/2",8.27483209787378,48.9870463530239
"7015/2",8.2747016977848,48.9960376524046
"7015/2",8.27465921775906,48.9989652614072
"7015/2",8.2490766,48.9989652
"7015/2",8.2490768,48.9489709
"7017/1",8.56165080245219,48.998966050286
"7017/1",8.56166379889305,48.9974831816536
"7017/1",8.56174256691207,48.9884914272394
"7017/1",8.56182129584548,48.9794996586699
"7017/1",8.56189998571819,48.9705078759442
"7017/1",8.56197863655513,48.961516079062
"7017/1",8.56205724838118,48.9525242680226
"7017/1",8.56208829138203,48.948971727003
"7017/1",8.5823623,48.9489718
"7017/1",8.582362,48.9989661
"7017/1",8.56165080245219,48.998966050286
"7017/2",8.5823623,48.9489718
"7017/2",8.6656837,48.9489721
"7017/2",8.6656833,48.9989663
"7017/2",8.582362,48.9989661
"7017/2",8.5823623,48.9489718
"7018/1",8.6656837,48.9489721
"7018/1",8.749005,48.9489723
"7018/1",8.7490047,48.9989666
"7018/1",8.6656833,48.9989663
"7018/1",8.6656837,48.9489721
"7018/2",8.749005,48.9489723
"7018/2",8.8323265,48.9489726
"7018/2",8.8323261,48.9989669
"7018/2",8.7490047,48.9989666
"7018/2",8.749005,48.9489723
"7019/1",8.8323265,48.9489726
"7019/1",8.9156477,48.9489728
"7019/1",8.9156473,48.9989672
"7019/1",8.8323261,48.9989669
"7019/1",8.8323265,48.9489726
"6917/3",8.56121209774339,49.0489603238505
"6917/3",8.56126937163939,49.0424417414154
"6917/3",8.5613483354613,49.0334500577689
"6917/3",8.56142726007258,49.0244583599701
"6917/3",8.56150614549829,49.0154666480184
"6917/3",8.56158499176345,49.0064749219131
"6917/3",8.56165080245219,48.998966050286
"6917/3",8.582362,48.9989661
"6917/3",8.5823617,49.0489604
"6917/3",8.56121209774339,49.0489603238505
"6917/4",8.582362,48.9989661
"6917/4",8.6656833,48.9989663
"6917/4",8.665683,49.0489606
"6917/4",8.5823617,49.0489604
"6917/4",8.582362,48.9989661
"6918/3",8.6656833,48.9989663
"6918/3",8.7490047,48.9989666
"6918/3",8.7490043,49.0489609
"6918/3",8.665683,49.0489606
"6918/3",8.6656833,48.9989663
"6918/4",8.7490047,48.9989666
"6918/4",8.8323261,48.9989669
"6918/4",8.8323257,49.0489612
"6918/4",8.7490043,49.0489609
"6918/4",8.7490047,48.9989666
"6919/3",8.8323261,48.9989669
"6919/3",8.9156473,48.9989672
"6919/3",8.915647,49.0489614
"6919/3",8.8323257,49.0489612
"6919/3",8.8323261,48.9989669
"6917/1",8.5607721765831,49.098954622268
"6917/1",8.56079476387972,49.0963915461303
"6917/1",8.5608739634925,49.0873999473847
"6917/1",8.56095312374394,49.0784083344905
"6917/1",8.5610322446592,49.0694167074471
"6917/1",8.56111132626344,49.0604250662539
"6917/1",8.56119036858181,49.0514334109102
"6917/1",8.56121209774339,49.0489603238505
"6917/1",8.5823617,49.0489604
"6917/1",8.5823613,49.0989547
"6917/1",8.5607721765831,49.098954622268
"6917/2",8.5823617,49.0489604
"6917/2",8.665683,49.0489606
"6917/2",8.6656826,49.0989549
"6917/2",8.5823613,49.0989547
"6917/2",8.5823617,49.0489604
"6918/1",8.665683,49.0489606
"6918/1",8.7490043,49.0489609
"6918/1",8.7490039,49.0989552
"6918/1",8.6656826,49.0989549
"6918/1",8.665683,49.0489606
"6918/2",8.7490043,49.0489609
"6918/2",8.8323257,49.0489612
"6918/2",8.8323253,49.0989554
"6918/2",8.7490039,49.0989552
"6918/2",8.7490043,49.0489609
"6919/1",8.8323257,49.0489612
"6919/1",8.915647,49.0489614
"6919/1",8.9156466,49.0989557
"6919/1",8.8323253,49.0989554
"6919/1",8.8323257,49.0489612
"6816/3",8.332397,49.1489483
"6816/3",8.3323973,49.098954
"6816/3",8.35536688860972,49.098954055135
"6816/3",8.3552961655724,49.1044197994281
"6816/3",8.36899043039987,49.1044953927264
"6816/3",8.3826847518614,49.1045693616316
"6816/3",8.39637912872703,49.1046417061276
"6816/3",8.41007355976674,49.1047124261983
"6816/3",8.41571856527579,49.1047409081194
"6816/3",8.4157183,49.1489485
"6816/3",8.332397,49.1489483
"6816/4",8.41571856527579,49.1047409081194
"6816/4",8.42376804375049,49.1047815218283
"6816/4",8.43746257944821,49.1048489930025
"6816/4",8.4511571656298,49.1049148397059
"6816/4",8.46485180106512,49.1049790619242
"6816/4",8.47854648452402,49.1050416596432
"6816/4",8.49224121477631,49.1051026328492
"6816/4",8.4990398629296,49.1051320959669
"6816/4",8.4990396,49.1489487
"6816/4",8.4157183,49.1489485
"6816/4",8.41571856527579,49.1047409081194
"6817/3",8.4990396,49.1489487
"6817/3",8.4990398629296,49.1051320959669
"6817/3",8.50593599059179,49.1051619815288
"6817/3",8.51963081074021,49.105219705669
"6817/3",8.53332567399131,49.1052758052571
"6817/3",8.54702057911481,49.1053302802808
"6817/3",8.56071552488039,49.105383130728
"6817/3",8.5607721765831,49.098954622268
"6817/3",8.5823613,49.0989547
"6817/3",8.5823609,49.148949
"6817/3",8.4990396,49.1489487
"6817/4",8.5823613,49.0989547
"6817/4",8.6656826,49.0989549
"6817/4",8.6656823,49.1489492
"6817/4",8.5823609,49.148949
"6817/4",8.5823613,49.0989547
"6818/3",8.6656823,49.1489492
"6818/3",8.6656826,49.0989549
"6818/3",8.7490039,49.0989552
"6818/3",8.7490036,49.1489495
"6818/3",8.6656823,49.1489492
"6818/4",8.7490039,49.0989552
"6818/4",8.8323253,49.0989554
"6818/4",8.8323249,49.1489497
"6818/4",8.7490036,49.1489495
"6818/4",8.7490039,49.0989552
"6819/3",8.8323253,49.0989554
"6819/3",8.9156466,49.0989557
"6819/3",8.9156462,49.14895
"6819/3",8.8323249,49.1489497
"6819/3",8.8323253,49.0989554
"6816/1",8.3323966,49.1989425
"6816/1",8.332397,49.1489483
"6816/1",8.4157183,49.1489485
"6816/1",8.415718,49.1989428
"6816/1",8.3323966,49.1989425
"6816/2",8.4157183,49.1489485
"6816/2",8.4990396,49.1489487
"6816/2",8.4990393,49.198943
"6816/2",8.415718,49.1989428
"6816/2",8.4157183,49.1489485
"6817/1",8.4990393,49.198943
"6817/1",8.4990396,49.1489487
"6817/1",8.5823609,49.148949
"6817/1",8.5823606,49.1989432
"6817/1",8.4990393,49.198943
"6817/2",8.5823609,49.148949
"6817/2",8.6656823,49.1489492
"6817/2",8.6656819,49.1989435
"6817/2",8.5823606,49.1989432
"6817/2",8.5823609,49.148949
"6818/1",8.6656819,49.1989435
"6818/1",8.6656823,49.1489492
"6818/1",8.7490036,49.1489495
"6818/1",8.7490032,49.1989438
"6818/1",8.6656819,49.1989435
"6818/2",8.7490032,49.1989438
"6818/2",8.7490036,49.1489495
"6818/2",8.8323249,49.1489497
"6818/2",8.8323246,49.198944
"6818/2",8.7490032,49.1989438
"6819/1",8.8323249,49.1489497
"6819/1",8.9156462,49.14895
"6819/1",8.9156458,49.1989443
"6819/1",8.8323246,49.198944
"6819/1",8.8323249,49.1489497
"6716/3",8.3323964,49.2489368
"6716/3",8.3323966,49.1989425
"6716/3",8.415718,49.1989428
"6716/3",8.4157177,49.2489371
"6716/3",8.3323964,49.2489368
"6716/4",8.415718,49.1989428
"6716/4",8.4990393,49.198943
"6716/4",8.4990389,49.2489373
"6716/4",8.4157177,49.2489371
"6716/4",8.415718,49.1989428
"6717/3",8.4990393,49.198943
"6717/3",8.5823606,49.1989432
"6717/3",8.5823603,49.2489375
"6717/3",8.4990389,49.2489373
"6717/3",8.4990393,49.198943
"6717/4",8.5823606,49.1989432
"6717/4",8.6656819,49.1989435
"6717/4",8.6656815,49.2489378
"6717/4",8.5823603,49.2489375
"6717/4",8.5823606,49.1989432
"6718/3",8.6656815,49.2489378
"6718/3",8.6656819,49.1989435
"6718/3",8.7490032,49.1989438
"6718/3",8.7490029,49.2489381
"6718/3",8.6656815,49.2489378
"6718/4",8.7490032,49.1989438
"6718/4",8.8323246,49.198944
"6718/4",8.8323241,49.2489384
"6718/4",8.7490029,49.2489381
"6718/4",8.7490032,49.1989438
"6716/1",8.4157174,49.2989313
"6716/1",8.3323961,49.2989311
"6716/1",8.3323964,49.2489368
"6716/1",8.4157177,49.2489371
"6716/1",8.4157174,49.2989313
"6716/2",8.4157177,49.2489371
"6716/2",8.4990389,49.2489373
"6716/2",8.4990387,49.2989315
"6716/2",8.4157174,49.2989313
"6716/2",8.4157177,49.2489371
"6717/1",8.4990389,49.2489373
"6717/1",8.5823603,49.2489375
"6717/1",8.5823599,49.2989318
"6717/1",8.4990387,49.2989315
"6717/1",8.4990389,49.2489373
"6717/2",8.5823603,49.2489375
"6717/2",8.6656815,49.2489378
"6717/2",8.6656812,49.2989321
"6717/2",8.5823599,49.2989318
"6717/2",8.5823603,49.2489375
