"X","Y"
8.1636858,48.9199406
8.1644246,48.919358
8.1647079,48.9189831
8.1648189,48.9186663
8.1647595,48.9183158
8.1645501,48.917755
8.1642242,48.9162804
8.1641745,48.9154306
8.1643583,48.9137796
8.1646145,48.9129646
8.1650876,48.9119266
8.1654548,48.9113668
8.1659107,48.9106716
8.1660092,48.9105553
8.1664926,48.9099844
8.1670851,48.9093913
8.1672708,48.9092156
8.1676223,48.908883
8.1683817,48.9082857
8.1687801,48.9079937
8.1701074,48.9071978
8.170924,48.9068301
8.1709657,48.9068114
8.171129,48.9067378
8.1713218,48.9066582
8.1748996,48.9051798
8.1775044,48.9041033
8.1798012,48.9031694
8.1799172,48.9031166
8.180627,48.9027932
8.1813741,48.9023725
8.1815413,48.902249
8.1816691,48.9021807
8.1828295,48.9012429
8.1833496,48.9007045
8.1847927,48.8992263
8.1873658,48.8965903
8.1900678,48.893792
8.1904396,48.8932374
8.1909483,48.8922927
8.191394,48.8914094
8.1933849,48.8874637
8.195671,48.8828714
8.1957563,48.8827
8.1981298,48.8779731
8.1995919,48.8749797
8.1997983,48.8743061
8.1998518,48.8741315
8.1999224,48.8734522
8.1998639,48.8724568
8.199441,48.869007
8.1987258,48.8653618
8.1985616,48.8645294
8.1982056,48.8632491
8.1968984,48.8603638
8.1967565,48.8598116
8.1967533,48.8593172
8.196849,48.8590217
8.1970204,48.8587513
8.1976641,48.8580896
8.1981402,48.8578451
8.1994527,48.857335
8.2003752,48.8569765
8.2008148,48.8567005
8.2030672,48.854946
8.2034802,48.8547088
8.2040752,48.8544383
8.2048808,48.854272
8.2051094,48.8542419
8.2058266,48.8542816
8.2063408,48.854383
8.2068427,48.8545579
8.2071553,48.8546668
8.2074554,48.8547713
8.2074848,48.8547815
8.20763,48.8548591
8.2078438,48.8549734
8.2086988,48.8555751
8.209124,48.8559069
8.2095797,48.8563448
8.2098301,48.856543
8.2103101,48.8569229
8.2107756,48.857174
8.2112548,48.8573089
8.2118751,48.8574216
8.2123445,48.8574326
8.2130732,48.8573678
8.2135205,48.8572642
8.2140691,48.8570852
8.2167111,48.8557548
8.2181568,48.8549469
8.2188046,48.8544232
8.2194459,48.8535574
8.2197224,48.8528634
8.2197374,48.8527678
8.2198225,48.852227
8.2195785,48.848514
8.219555,48.8479026
8.219635,48.8473099
8.2197753,48.8467911
8.220017,48.8463399
8.2205367,48.8456392
8.2210629,48.8450949
8.2221322,48.844258
8.2224078,48.8440422
8.2240163,48.8429747
8.2255392,48.8421261
8.2265889,48.8416948
8.2284599,48.8412001
8.2312238,48.8405232
8.2339078,48.8399237
8.2360731,48.83944
8.2393461,48.8388969
8.2394268,48.8388835
8.2406247,48.8386847
8.2432293,48.8381903
8.2446153,48.8378453
8.2458244,48.8374466
8.2466722,48.8370709
8.2476494,48.8366377
8.2525753,48.8340443
8.253951,48.8334328
8.2553525,48.8329826
8.2566032,48.8327428
8.2580239,48.832615
8.2582139,48.8326154
8.2595465,48.8326178
8.2597576,48.8326194
8.2645803,48.8326501
8.2703076,48.8326867
8.2705671,48.8326883
8.2718338,48.8326963
8.2729126,48.8327032
8.2739153,48.8326315
8.2739178,48.8326314
8.274874,48.8325011
8.2749107,48.8324961
8.2756447,48.832335
8.2763326,48.8321269
8.2772705,48.8317576
8.2780809,48.8313035
8.2791126,48.8306414
8.2795528,48.8303589
8.2808276,48.8296035
8.2810411,48.8295141
8.2834565,48.8285627
8.283913,48.8283828
8.2847146,48.8279913
8.2854432,48.827493
8.2857748,48.8271781
8.2861305,48.8267585
8.2863479,48.8263885
8.2865788,48.8259955
8.2874398,48.8244801
8.2875159,48.8243728
8.2880725,48.8237402
8.2885748,48.8233523
8.2891136,48.8230455
8.2895613,48.8228474
8.289763,48.8227582
8.2899063,48.8226948
8.2901028,48.8226079
8.2919378,48.8220122
8.2934598,48.8215181
8.2946354,48.8209715
8.2946482,48.8209656
8.2946485,48.8209654
8.2946936,48.8209405
8.2948673,48.8208446
8.2956411,48.8203435
8.2961653,48.8199194
8.2970056,48.8190986
8.2973802,48.8186894
8.2975442,48.8184858
8.2977596,48.8182401
8.2980047,48.8179855
8.2982069,48.817795
8.298474,48.8175685
8.2991502,48.8170305
8.2994281,48.8168123
8.2996752,48.8166223
8.3005005,48.8159877
8.3010611,48.8155342
8.3012285,48.8153987
8.3014432,48.8152183
8.3019792,48.8147521
8.3022274,48.8145201
8.3024292,48.8143114
8.3026697,48.8140375
8.3029835,48.8136483
8.303131,48.8134405
8.3032716,48.8132115
8.3034806,48.8128304
8.3037034,48.8123803
8.3040885,48.8116249
8.304213,48.8113715
8.3044531,48.8108561
8.3046355,48.8105194
8.3047464,48.8103371
8.3048266,48.8102238
8.304903,48.8101295
8.3050129,48.8100073
8.3051312,48.8098886
8.305242,48.8097881
8.3053601,48.8096913
8.305485,48.8095991
8.3056163,48.8095121
8.3058554,48.8093729
8.306109,48.8092454
8.3063534,48.8091383
8.306632,48.8090334
8.3069209,48.8089416
8.3072188,48.8088632
8.3075248,48.8087991
8.3077891,48.8087588
8.308084,48.8087287
8.3083811,48.8087106
8.3087103,48.8087013
8.3091134,48.8086997
8.3094387,48.808714
8.3103289,48.8087834
8.3109693,48.8088158
8.3111827,48.8088201
8.3113162,48.8088183
8.3114502,48.8088124
8.3116374,48.8087985
8.3119556,48.8087629
8.3121923,48.8087291
8.3125067,48.8086785
8.3128971,48.8086067
8.3132301,48.808533
8.3135303,48.8084522
8.3137008,48.8083981
8.3138199,48.8083559
8.3140483,48.8082629
8.31418,48.8082023
8.3143509,48.8081171
8.3147198,48.8079137
8.3149713,48.8077578
8.315248,48.8075688
8.3154959,48.8073845
8.3156657,48.8072484
8.3158133,48.807123
8.316064,48.8068945
8.3163132,48.8066437
8.3164883,48.8064467
8.316682,48.8061999
8.3169577,48.8058155
8.3170819,48.8056166
8.3171516,48.805481
8.3172052,48.8053609
8.3172388,48.8052746
8.3172765,48.8051531
8.3175715,48.8039487
8.3176404,48.8036554
8.3177063,48.8033744
8.317751,48.8031448
8.3177836,48.803022
8.3178483,48.802832
8.3179004,48.8027129
8.3179585,48.8026139
8.3180196,48.8025356
8.3180922,48.8024619
8.3181728,48.8023918
8.3184622,48.8021703
8.3185725,48.8020858
8.3187537,48.8019576
8.3189977,48.8017929
8.3191916,48.8016671
8.3194308,48.8015208
8.3196582,48.8013927
8.3198529,48.8012971
8.3200107,48.8012286
8.320515,48.8010222
8.3207137,48.8009303
8.3208994,48.8008292
8.3211329,48.800687
8.3214477,48.8004747
8.3217888,48.800225
8.3218904,48.8001425
8.3219862,48.8000571
8.3221266,48.7999112
8.3222507,48.7997611
8.322379,48.799586
8.3224851,48.7994211
8.3226425,48.799156
8.3227413,48.7989721
8.322822,48.7988029
8.3228919,48.7986312
8.3229497,48.7984559
8.3230173,48.7981905
8.3230692,48.7979243
8.3230886,48.7977847
8.323131,48.7973824
8.3231989,48.7969239
8.323217,48.7967646
8.3232337,48.7964796
8.3232459,48.7960119
8.3232495,48.7958735
8.3232329,48.7955167
8.3232327,48.7953918
8.3232405,48.7953028
8.3232616,48.7951789
8.3232953,48.7950383
8.3233249,48.7949515
8.3233995,48.7947829
8.3234207,48.7947468
8.323457,48.7946848
8.323518,48.794607
8.3235781,48.7945487
8.3236643,48.7944813
8.3237775,48.7944063
8.3239163,48.7943234
8.3240204,48.794268
8.3241523,48.7942078
8.3242667,48.7941638
8.3244093,48.7941178
8.3245078,48.794092
8.3246099,48.7940712
8.3247424,48.7940546
8.3249306,48.7940437
8.3253589,48.7940331
8.3267837,48.7940379
8.3271627,48.7940415
8.3278336,48.7940696
8.3281562,48.7940723
8.3283707,48.7940616
8.3286357,48.7940332
8.3288975,48.7939938
8.3291553,48.7939443
8.3293833,48.7938904
8.3296553,48.7938131
8.33009,48.7936739
8.3304185,48.7935558
8.3306942,48.7934476
8.3309204,48.7933532
8.3311663,48.7932442
8.3315396,48.7930692
8.3317411,48.7929803
8.3321515,48.7928161
8.3324546,48.792706
8.3328836,48.7925706
8.3333233,48.7924456
8.3337485,48.7923354
8.3339892,48.7922778
8.3341274,48.7922447
8.3343853,48.792189
8.3351914,48.7920298
8.3360058,48.7918429
8.3361809,48.7917971
8.3364019,48.7917318
8.3366162,48.7916573
8.3367782,48.791594
8.3370256,48.791487
8.3373089,48.7913517
8.3375625,48.7912212
8.3378662,48.7910489
8.3380999,48.7909042
8.3384007,48.7907039
8.3385089,48.7906257
8.3388578,48.790358
8.3391013,48.7901936
8.3393955,48.7900124
8.339519,48.7899443
8.3396684,48.7898695
8.3398013,48.7898112
8.3399848,48.7897401
8.3405035,48.7895614
8.3412877,48.7892829
8.341769,48.78912
8.3428006,48.7887811
8.3432041,48.7886431
8.3435924,48.7885191
8.3436846,48.7884821
8.3437504,48.788451
8.3438899,48.7883687
8.3440301,48.7882658
8.3441516,48.788153
8.3442249,48.7880612
8.3442827,48.7879622
8.3443171,48.7878765
8.3443306,48.7878061
8.3443333,48.7876994
8.344321,48.78761
8.3442934,48.7875039
8.3442309,48.7873292
8.3441898,48.787232
8.3440418,48.7868817
8.3438102,48.7863892
8.3435362,48.7858337
8.3432743,48.7852181
8.3430936,48.7848088
8.3429758,48.7845585
8.3428142,48.7842151
8.3426694,48.7839287
8.3424507,48.7835351
8.3423421,48.7833768
8.3422248,48.7832422
8.3421956,48.7832136
8.3421183,48.7831442
8.3419851,48.7830344
8.3418955,48.7829671
8.3417647,48.7828761
8.3416289,48.7827883
8.3414769,48.7826973
8.3413217,48.7826121
8.3411287,48.7825162
8.340908,48.7824159
8.3407035,48.7823316
8.3404461,48.7822373
8.3402534,48.7821774
8.3395365,48.7819885
8.338967,48.7818462
8.3387971,48.7817973
8.3384598,48.781691
8.3381514,48.7815859
8.3379425,48.7815075
8.3376941,48.7814043
8.3374091,48.7812746
8.3372409,48.7811884
8.337083,48.781094
8.3369918,48.7810284
8.3368763,48.7809291
8.3367608,48.7808081
8.3366608,48.7806811
8.3365751,48.7805497
8.3365438,48.7804919
8.3364943,48.7804006
8.3364085,48.7801973
8.3363462,48.7799927
8.336321,48.7798373
8.336322,48.7796978
8.3363348,48.7795935
8.3363549,48.7794896
8.3363891,48.7793521
8.3364261,48.7792327
8.3364599,48.7791485
8.3365023,48.7790661
8.3365436,48.7790022
8.3366028,48.7789249
8.3367125,48.7788069
8.3368542,48.7786833
8.3369765,48.778595
8.3371091,48.7785133
8.3372609,48.7784124
8.3374446,48.7783062
8.339126,48.7773971
8.339245,48.7773253
8.3393579,48.7772493
8.3395508,48.7771016
8.339726,48.7769446
8.339882,48.776779
8.3400162,48.7766059
8.3401297,48.7764297
8.3401944,48.7762971
8.3402427,48.7761441
8.3402642,48.7760234
8.3402669,48.7758846
8.3402513,48.7757786
8.3402285,48.7756906
8.3401417,48.7754669
8.3400234,48.7752342
8.3399643,48.7751366
8.3398936,48.7750419
8.3398118,48.7749512
8.3392411,48.7743544
8.3389101,48.7740158
8.3387573,48.7738516
8.3385856,48.7736547
8.3384461,48.773486
8.3383137,48.7733156
8.338184,48.7731328
8.3381067,48.7730427
8.3380053,48.7729436
8.338003,48.7729413
8.3377506,48.7727167
8.3375855,48.7725573
8.3370714,48.7720442
8.3366759,48.771663
8.3365318,48.771513
8.3364227,48.7713905
8.3362673,48.7712037
8.3361081,48.7709981
8.3359677,48.7708061
8.3355784,48.7702395
8.3354221,48.7699929
8.3351101,48.769481
8.3348994,48.7691354
8.3346743,48.7688119
8.3345788,48.7686647
8.3344834,48.7684998
8.3343251,48.7681977
8.3340938,48.7677114
8.3340088,48.7675055
8.3339459,48.7672971
8.3339036,48.7670701
8.3338927,48.7669648
8.3338865,48.7668241
8.3338984,48.7665974
8.3339217,48.7664237
8.3339495,48.7662669
8.3339818,48.7661282
8.3340173,48.766007
8.3340585,48.7658862
8.3341074,48.7657668
8.3341566,48.7656662
8.3342119,48.765568
8.3343616,48.7653423
8.3344339,48.7652475
8.3345267,48.7651399
8.3346474,48.7650225
8.3347713,48.7649276
8.3349519,48.7648121
8.3352194,48.7646411
8.3357808,48.7642582
8.3359948,48.7640987
8.336111,48.7640008
8.3362901,48.7638217
8.3363777,48.7637244
8.3364925,48.763597
8.3367412,48.7633077
8.3369632,48.7630425
8.3371748,48.7628128
8.3372134,48.7627736
8.3373968,48.7625873
8.337855,48.7621428
8.3379401,48.7620583
8.3382311,48.761769
8.3383454,48.7616553
8.3388305,48.7611729
8.3389742,48.7609809
8.3391371,48.760794
8.3391453,48.7607845
8.3392947,48.7606409
8.3393609,48.7605866
8.33945,48.7605224
8.339528,48.760479
8.3395908,48.7604441
8.3397127,48.760378
8.339786,48.7603277
8.3398662,48.7602564
8.3399346,48.76018
8.3400167,48.760068
8.3401671,48.7598399
8.3404468,48.7594587
8.3405509,48.7592962
8.3406044,48.7591965
8.3406421,48.7591118
8.3406962,48.7589421
8.340707,48.7588563
8.3407095,48.7586822
8.3407318,48.7584147
8.3407328,48.7583076
8.3407069,48.7579361
8.3406861,48.7574225
8.3407027,48.7570408
8.3407163,48.7568224
8.3407147,48.7566105
8.3406866,48.756397
8.3405794,48.7559541
8.3405488,48.7557759
8.3405183,48.7553868
8.3405172,48.7552275
8.3405494,48.7549276
8.3405889,48.7547704
8.3406476,48.7545978
8.3407273,48.7544104
8.3407763,48.7543093
8.340837,48.7541923
8.3408736,48.7541259
8.3409587,48.7539833
8.3409592,48.7539834
8.3410614,48.7538332
8.3413339,48.7535301
8.3416606,48.7532759
8.3419403,48.7530866
8.3424224,48.7528025
8.3430028,48.7525119
8.3433897,48.7523456
8.34378,48.7521841
8.344533,48.75192
8.3454723,48.7515899
8.3457968,48.7514704
8.3464123,48.7512342
8.3468927,48.7511038
8.3471899,48.7510011
8.347623,48.7507909
8.3478222,48.7506735
8.3479184,48.7506126
8.3480509,48.7505179
8.3481588,48.7504248
8.3482605,48.7503018
8.3483334,48.7501706
8.3483924,48.7500002
8.3484226,48.7497915
8.3484108,48.7496321
8.3483593,48.7494576
8.3482818,48.7492873
8.3481511,48.7490537
8.348067,48.7489222
8.3479713,48.7487942
8.3475089,48.7482496
8.3472087,48.7479116
8.3470115,48.7476814
8.3466869,48.7473196
8.3464397,48.747068
8.346348,48.7469605
8.3462869,48.7468627
8.3462456,48.7467608
8.3462171,48.746657
8.3462023,48.746552
8.3462055,48.746429
8.3462151,48.7463779
8.346236,48.7463106
8.3462709,48.7462278
8.3463607,48.7460475
8.3464268,48.7459328
8.3468055,48.7453452
8.3470276,48.7450374
8.3470764,48.7449783
8.3473343,48.7447172
8.3475877,48.74449
8.3479308,48.7442015
8.3481002,48.7440428
8.3485577,48.7435599
8.3486507,48.743451
8.3487227,48.743355
8.3488055,48.7432253
8.3488789,48.743094
8.3489258,48.7429936
8.3489685,48.7428743
8.3489961,48.7427525
8.349007,48.7426501
8.3490045,48.7425142
8.3489895,48.7423946
8.3489715,48.7423271
8.3489531,48.7422862
8.3489333,48.7422421
8.3488729,48.7421435
8.3488018,48.742049
8.3487339,48.7419733
8.3486415,48.7418857
8.3485204,48.7417898
8.3484066,48.7417133
8.3482432,48.7416191
8.348025,48.7415128
8.3477972,48.7414157
8.3476209,48.7413464
8.347489,48.7412978
8.3472659,48.7412241
8.3469628,48.7410824
8.3466053,48.7408999
8.3463053,48.740754
8.3461212,48.740651
8.3453564,48.7402396
8.345161,48.7401227
8.3450666,48.7400617
8.3449272,48.7399568
8.344823,48.7398564
8.3447579,48.739781
8.3447021,48.7397025
8.3445932,48.7395249
8.3445149,48.7393759
8.3444387,48.7392081
8.3443899,48.7390717
8.3443756,48.7390021
8.3443752,48.7389315
8.3443893,48.7388615
8.3444159,48.7387931
8.3444627,48.7387104
8.3445192,48.7386304
8.3446802,48.738427
8.3448071,48.7382532
8.3448589,48.7381923
8.3449179,48.7381358
8.3450345,48.7380465
8.3451634,48.7379649
8.3452679,48.7379104
8.3454418,48.7378292
8.3456495,48.7377166
8.3462621,48.7373669
8.3464116,48.7372663
8.3467685,48.7370539
8.3468981,48.7369659
8.3471082,48.7368078
8.3472535,48.736706
8.3474225,48.7365717
8.3475154,48.7365096
8.3475847,48.7364561
8.3478293,48.7362474
8.3481622,48.735977
8.3482861,48.7358637
8.3485354,48.735616
8.3486306,48.7355296
8.3487064,48.7354609
8.3491107,48.7351143
8.3493979,48.7348808
8.3494936,48.7347957
8.3496046,48.7346751
8.3498443,48.7343797
8.3500774,48.7341252
8.3501474,48.7340304
8.3502035,48.7339292
8.3503066,48.7337126
8.3505036,48.7333543
8.3506092,48.733177
8.3510162,48.7326355
8.3511151,48.7325332
8.3512366,48.7324191
8.3513663,48.7323084
8.3515388,48.7321757
8.3518013,48.7320267
8.3520365,48.7319114
8.3521721,48.7318545
8.3523371,48.7317957
8.3530201,48.7315909
8.3534943,48.7314383
8.3539901,48.7312682
8.3542013,48.7311919
8.3544309,48.7311015
8.3546083,48.7310225
8.3547957,48.730931
8.3548948,48.7308764
8.3549684,48.7308287
8.3550364,48.7307752
8.3551131,48.7307032
8.3551954,48.7306126
8.3552823,48.7305048
8.3553354,48.7304249
8.3553688,48.7303587
8.355393,48.7302894
8.35541,48.7302188
8.3554181,48.7301476
8.3554166,48.730094
8.3554069,48.7300408
8.3553863,48.7299888
8.3553546,48.7299394
8.3553147,48.7298925
8.3552031,48.7297911
8.3550274,48.7296571
8.3549311,48.7295985
8.3547285,48.7294889
8.354631,48.7294312
8.3544439,48.7293056
8.3542994,48.7292015
8.3542149,48.7291331
8.3541234,48.7290461
8.3540721,48.7289841
8.3540466,48.7289532
8.3539829,48.7288564
8.3539666,48.7288263
8.3539469,48.7287901
8.3537076,48.7282838
8.3536359,48.7281131
8.3535797,48.7279581
8.35349,48.7276444
8.3533924,48.7273414
8.353347,48.7271716
8.3533032,48.7269665
8.3532861,48.7267963
8.3532859,48.7264701
8.3532966,48.7263315
8.3533143,48.7262113
8.3533483,48.7260584
8.3534522,48.7256637
8.353493,48.7255415
8.3535398,48.7254388
8.353589,48.7253607
8.3536892,48.7252235
8.3537003,48.7252083
8.3538148,48.7250326
8.353941,48.7248229
8.35407,48.7245804
8.3541329,48.7244833
8.3542027,48.7243876
8.3543837,48.7241706
8.354788,48.7237325
8.3549052,48.723614
8.3550172,48.7235148
8.355161,48.7234101
8.3553025,48.7233295
8.3554984,48.723238
8.3557061,48.7231586
8.3559913,48.7230696
8.3561879,48.7230221
8.3563662,48.7229949
8.3565231,48.7229868
8.3566281,48.7229886
8.3567588,48.7229969
8.3570696,48.7230337
8.3573283,48.7230797
8.3575545,48.7231351
8.3577241,48.7231881
8.3578396,48.7232331
8.3579479,48.7232853
8.3581956,48.723421
8.358302,48.7234749
8.3585919,48.7236015
8.3587351,48.7236568
8.3587993,48.7236816
8.3589688,48.7237336
8.3590217,48.7237455
8.3590549,48.723753
8.359146,48.7237735
8.3593016,48.7237998
8.3594623,48.723819
8.3595123,48.7238249
8.3595784,48.7238295
8.3596555,48.723835
8.3596981,48.7238379
8.3598569,48.7238411
8.3600952,48.7238392
8.3604128,48.723831
8.3604129,48.723831
8.3605085,48.7244947
8.3606992,48.7248491
8.360911,48.7251348
8.3616267,48.7254114
8.3622608,48.7256188
8.3627748,48.7255808
8.363012,48.7255074
8.3632806,48.7253798
8.3635853,48.7251667
8.3640006,48.7249811
8.3645229,48.7245984
8.3650325,48.7245129
8.3654082,48.7244402
8.3659024,48.724341
8.3670219,48.7243336
8.367359,48.7244781
8.3678401,48.7245861
8.3681932,48.7246029
8.3685869,48.7245965
8.3689503,48.7245276
8.3696095,48.7243749
8.3699481,48.724404
8.3701951,48.7243646
8.3704538,48.7242097
8.3703858,48.7238967
8.3702961,48.7236788
8.3701926,48.7233843
8.3700363,48.723093
8.3699372,48.7228071
8.3699919,48.7225424
8.3700769,48.7223118
8.3703406,48.7221257
8.3705616,48.721966
8.3706899,48.7217444
8.371154,48.7215839
8.3716881,48.7214371
8.3719674,48.7214184
8.3722555,48.7213724
8.3725342,48.7212584
8.372762,48.7211102
8.3728398,48.7209183
8.3730314,48.7205607
8.3730666,48.7203218
8.373247,48.7200936
8.373827,48.7201424
8.3740721,48.7201523
8.3743487,48.7202135
8.3745675,48.720266
8.3748728,48.7203615
8.3751816,48.7204358
8.3753553,48.7204709
8.3756141,48.7204125
8.3757955,48.7203537
8.3761646,48.720249
8.3762618,48.7202196
8.3764107,48.7201735
8.3765209,48.7201314
8.3766959,48.7200726
8.3768317,48.7200434
8.3770068,48.7199718
8.3771169,48.7199425
8.3772271,48.7199004
8.3774148,48.7198502
8.3775286,48.7197825
8.377697,48.7197236
8.3778398,48.7196561
8.3780278,48.7195845
8.3782736,48.7195346
8.3784677,48.719493
8.3786425,48.7194427
8.3787783,48.7194178
8.3790307,48.7193594
8.3791926,48.719309
8.379387,48.7192375
8.3794843,48.7191953
8.3795723,48.7191232
8.3797552,48.7189406
8.3798157,48.7187446
8.3800527,48.7183574
8.3802868,48.7182135
8.3803274,48.718039
8.3806075,48.7179348
8.3807858,48.7177679
8.3811436,48.7175307
8.3813653,48.7173398
8.3815612,48.7171487
8.3817414,48.7169192
8.3819045,48.7167749
8.3820479,48.7166561
8.3821912,48.7165459
8.3823212,48.7164612
8.3824452,48.7163509
8.382543,48.716266
8.3826992,48.7161516
8.3828664,48.7159347
8.3829521,48.7157815
8.3829853,48.7157048
8.3829935,48.715564
8.3829954,48.715406
8.3829966,48.7153078
8.382979,48.7151669
8.3829606,48.7150899
8.3829425,48.7149874
8.382937,48.7149105
8.3828928,48.7145687
8.3828995,48.7145474
8.3828892,48.7143296
8.3828846,48.7141802
8.3828603,48.7140605
8.3828553,48.7139367
8.3828756,48.7135995
8.3828828,48.7135398
8.382885,48.7133605
8.3828875,48.7131556
8.3828899,48.7129592
8.3828913,48.7128397
8.3829633,48.7124942
8.3829638,48.7124558
8.3829868,48.7121571
8.382989,48.7119778
8.3831108,48.7112484
8.3831192,48.7110905
8.3831401,48.7109625
8.3831698,48.7103821
8.3832522,48.7102331
8.3833437,48.7101354
8.3835778,48.7099872
8.3837012,48.7099153
8.3838445,48.7098008
8.3841865,48.7095294
8.3842843,48.7094445
8.3843762,48.7093169
8.3844619,48.7091637
8.3845802,48.7089807
8.385015,48.7085092
8.3852221,48.7084548
8.3853513,48.7084341
8.3856744,48.7083889
8.386085,48.7083057
8.3864335,48.708299
8.3867108,48.7083005
8.3870462,48.7083065
8.3876376,48.7082115
8.3878895,48.7081829
8.3883813,48.7080575
8.3886719,48.7080249
8.3888729,48.7079448
8.3891204,48.7077497
8.3894644,48.7073033
8.3895691,48.70718
8.3897456,48.7069889
8.3899994,48.7068066
8.3906032,48.7062121
8.3913033,48.7056608
8.3923212,48.7052307
8.3933876,48.7047838
8.3951648,48.7042339
8.3970956,48.7037829
8.3991912,48.7030254
8.4004051,48.7026475
8.4009605,48.7025864
8.4020208,48.7026431
8.4027931,48.7027923
8.4039983,48.70314
8.4052886,48.7032567
8.4065252,48.7034852
8.4079431,48.7039331
8.4094011,48.7044397
8.4105258,48.7046928
8.4123966,48.7053408
8.4135615,48.7059537
8.4163061,48.7078765
8.4156431,48.7087823
8.4156305,48.7098733
8.4219144,48.7127144
8.4247405,48.7140054
8.426784,48.7154111
8.4273058,48.7169889
8.4293058,48.7177634
8.428784,48.7209188
8.4280449,48.7225251
8.4281753,48.7235863
8.4294362,48.7248053
8.4301421,48.7248885
8.4305508,48.7248918
8.430719,48.7248242
8.4308881,48.7248381
8.4309536,48.7247825
8.4310623,48.7246467
8.431187,48.7245988
8.4313267,48.7244726
8.4315212,48.724481
8.4316714,48.7244202
8.4318135,48.7243257
8.4322088,48.7240439
8.4324151,48.7240169
8.4329354,48.72389
8.4335127,48.7237047
8.433726,48.7236874
8.434019,48.7236675
8.4343247,48.7236657
8.4347077,48.7235959
8.4348413,48.7235886
8.4351742,48.7235757
8.4353612,48.7235743
8.4355008,48.7235611
8.4356851,48.7235436
8.4360634,48.7234774
8.4362774,48.7234355
8.4364647,48.7234036
8.436876,48.7232823
8.4374641,48.7231378
8.437803,48.7231075
8.4381792,48.72313
8.4390677,48.7230774
8.4391344,48.7230817
8.4392197,48.7230872
8.4393598,48.7230838
8.4395342,48.7230796
8.4397961,48.7231289
8.4398812,48.7231662
8.4400126,48.7232237
8.4405135,48.723233
8.4407765,48.7231978
8.4410185,48.7231739
8.4412196,48.7231178
8.4413204,48.723068
8.441473,48.7230208
8.4417948,48.7229698
8.4419472,48.7229341
8.4422658,48.7228648
8.4425044,48.7228455
8.4426523,48.7228569
8.442755,48.7228648
8.442853,48.7228724
8.4432611,48.7228447
8.4436768,48.7227462
8.4440549,48.7226066
8.4442226,48.7225447
8.4443492,48.7225432
8.4445252,48.7225472
8.4445895,48.7225486
8.4447095,48.72256
8.4447417,48.7225859
8.4447411,48.7226375
8.4447437,48.7226976
8.4447755,48.7227515
8.4448596,48.7227863
8.4450026,48.7228305
8.4451597,48.7228787
8.4452662,48.7229408
8.44531,48.7230621
8.4453575,48.7231743
8.4453707,48.7232406
8.44542,48.7233069
8.4454469,48.7233331
8.4454821,48.7233494
8.4456417,48.7234703
8.4457512,48.723585
8.4458445,48.7237281
8.4458842,48.7237889
8.4459553,48.7239583
8.4459458,48.724184
8.4459511,48.7243281
8.4460017,48.7244359
8.4460728,48.7245619
8.4460651,48.7246305
8.4460678,48.7246629
8.4460711,48.7247014
8.4461691,48.7249009
8.4462915,48.7250615
8.4463943,48.7251329
8.4465698,48.7251955
8.4466903,48.7252563
8.4467209,48.7252717
8.4468405,48.725382
8.4468888,48.7254763
8.446898,48.7254943
8.4469246,48.7255836
8.4470065,48.7256801
8.4471095,48.7257309
8.4472476,48.7257452
8.447389,48.7257688
8.4474639,48.7258469
8.4476189,48.7259003
8.4477467,48.7258963
8.4478713,48.7258717
8.4480164,48.7258793
8.4482393,48.7260175
8.4482603,48.7260311
8.4484313,48.726142
8.448434,48.7261444
8.4484942,48.7262281
8.4485585,48.726295
8.4486552,48.7263578
8.4487425,48.7263883
8.4488783,48.7264469
8.448988,48.7265119
8.4490791,48.7265929
8.4491189,48.7266587
8.4491192,48.7266592
8.4492117,48.7267198
8.4492427,48.7267279
8.4493526,48.7267363
8.4494999,48.7267512
8.4495976,48.726761
8.4497179,48.7267985
8.4497286,48.7268103
8.4497452,48.7268474
8.4497464,48.7269472
8.4497477,48.7270458
8.4497583,48.7270692
8.449884,48.7271917
8.4498873,48.7271949
8.4500176,48.7272415
8.4500953,48.7272458
8.450211,48.7272521
8.4503656,48.7273013
8.4503887,48.7273699
8.4503418,48.7274815
8.450368,48.7275616
8.4505146,48.727677
8.4505953,48.7278078
8.4506461,48.7278607
8.4508587,48.7279628
8.4510615,48.7280214
8.4511183,48.7280639
8.4511911,48.7281183
8.451279,48.7282309
8.4515967,48.7284389
8.4517207,48.7284603
8.4518307,48.7285
8.452049,48.7286569
8.4521811,48.7288086
8.4523147,48.7288805
8.4523656,48.7289334
8.4523914,48.7290409
8.4524512,48.7291738
8.4525439,48.7292088
8.4526746,48.7292441
8.4528566,48.7293094
8.4529625,48.7293833
8.4531822,48.7295432
8.4533259,48.7295734
8.4536725,48.729628
8.4538252,48.7296903
8.4538804,48.7297668
8.4540136,48.7298358
8.4542914,48.729956
8.4543262,48.72999
8.4544027,48.7301818
8.4544328,48.7302016
8.4545763,48.7302517
8.4546804,48.7302591
8.4548085,48.7302528
8.4549903,48.7302421
8.4550262,48.7302571
8.4550486,48.7302916
8.4550901,48.730352
8.4551607,48.7304361
8.4551989,48.7305007
8.4552015,48.7305609
8.4551711,48.7306703
8.4551705,48.730724
8.4552056,48.7307822
8.4552338,48.7308811
8.4552742,48.731051
8.4553117,48.7311801
8.4553299,48.7313027
8.4553805,48.7314339
8.4554414,48.7315073
8.455496,48.7315591
8.4555704,48.7315917
8.4556236,48.7316083
8.455661,48.73162
8.4557288,48.7316526
8.4557673,48.7316957
8.4558089,48.7317582
8.4558387,48.7317969
8.4558953,48.7318703
8.4559986,48.7319331
8.4561311,48.7319896
8.4561388,48.7319925
8.4562476,48.7320331
8.4563346,48.7320958
8.45646,48.732206
8.4565058,48.7322591
8.4565306,48.7322879
8.4566177,48.7323464
8.4567081,48.7323876
8.4567859,48.7324095
8.4568768,48.7324099
8.4569712,48.7323888
8.4571146,48.7323444
8.4572519,48.7322591
8.4573989,48.7321803
8.4575127,48.7321637
8.4576133,48.7321706
8.4576641,48.7321976
8.4576908,48.7322118
8.4577357,48.7322678
8.4577743,48.7323139
8.4578062,48.732352
8.457874,48.7323931
8.4580519,48.7324562
8.4583305,48.732522
8.458551,48.7325553
8.458684,48.7325688
8.4587847,48.7325671
8.4589016,48.7325655
8.4590572,48.732592
8.4591673,48.7326204
8.4592447,48.7326745
8.4593542,48.7327524
8.4594652,48.7328393
8.4594702,48.7328431
8.4594817,48.7328588
8.4595224,48.7329145
8.4595758,48.7329876
8.4596302,48.7330673
8.4596768,48.7331001
8.4597205,48.7331193
8.4598177,48.7331391
8.4600157,48.7331551
8.4601032,48.7331586
8.4601358,48.7331599
8.4602233,48.7331797
8.4603235,48.7332231
8.4603717,48.7332684
8.460371,48.7333307
8.4603695,48.7333432
8.4603639,48.7333908
8.4603989,48.7334598
8.4604925,48.7335139
8.4605993,48.7335509
8.4607127,48.7335686
8.4608004,48.7335669
8.460872,48.7335522
8.4609937,48.7335381
8.4610151,48.7335357
8.461119,48.7335405
8.4612283,48.7335444
8.4612829,48.7335571
8.4613523,48.7335867
8.4614135,48.7336321
8.4614779,48.7336732
8.4614813,48.7336754
8.4616139,48.7337275
8.4617463,48.7337926
8.4618595,48.7338404
8.4619662,48.7338881
8.4620409,48.7338799
8.462129,48.7338438
8.4622171,48.7338055
8.4623178,48.7338039
8.4624151,48.7338172
8.4624834,48.7338473
8.4625185,48.7338628
8.4625302,48.7338751
8.4625564,48.7339027
8.4626149,48.7339642
8.462733,48.7340881
8.4627466,48.7341023
8.4629338,48.7342063
8.4630569,48.7342391
8.4631349,48.7342352
8.4633162,48.734226
8.46347,48.7342331
8.4635475,48.7342418
8.4635732,48.7342393
8.4636304,48.7342226
8.4636647,48.7341938
8.4637307,48.7341588
8.4637865,48.7341519
8.4638459,48.7341608
8.4638987,48.7341786
8.4640118,48.7342285
8.4640894,48.7342611
8.464216,48.7342703
8.4644176,48.7342454
8.4645378,48.7342439
8.464658,48.7342401
8.4647586,48.734247
8.4648817,48.7342734
8.4650016,48.7342997
8.4651313,48.7343175
8.4652289,48.7343072
8.4653197,48.7343184
8.4654069,48.7343617
8.4655363,48.7344118
8.4656431,48.7344402
8.4657536,48.7344407
8.4658609,48.7344262
8.4659653,48.7343772
8.4661897,48.7343546
8.4663055,48.7343523
8.4663684,48.7343542
8.4665371,48.7343939
8.4667475,48.7344248
8.4669132,48.7344417
8.4669883,48.7344587
8.4671198,48.7344885
8.4673411,48.7344851
8.4677524,48.7344644
8.4678061,48.7344734
8.4680075,48.734507
8.4681402,48.7345722
8.4682509,48.7346043
8.4683679,48.7346383
8.4684286,48.7346466
8.4685208,48.7346582
8.4685864,48.7346537
8.4686961,48.7346157
8.4687791,48.7345775
8.4689152,48.7345557
8.4689446,48.7345509
8.468952,48.7345508
8.4690232,48.73455
8.4692362,48.7346072
8.46944,48.734606
8.4697068,48.7345503
8.4703875,48.7345289
8.47054,48.7344954
8.4707789,48.7344556
8.4708373,48.7344549
8.470917,48.734454
8.4709982,48.7344328
8.4710972,48.734407
8.4711029,48.7344068
8.4712299,48.7343714
8.4713763,48.7343442
8.4715126,48.7343555
8.4716321,48.7344141
8.4718876,48.7345162
8.4722145,48.734623
8.4724371,48.7346998
8.4727194,48.7347972
8.4728338,48.7348316
8.4730332,48.7349125
8.4732078,48.7349885
8.473345,48.7350812
8.4733428,48.735118
8.473353,48.7352306
8.4734455,48.7353272
8.4734901,48.7354021
8.473579,48.7355165
8.4736481,48.7355696
8.4737562,48.7356526
8.4739945,48.7358471
8.4741522,48.7359831
8.4743265,48.7360849
8.4744656,48.7361414
8.4746467,48.7362217
8.4747778,48.7362722
8.4748828,48.7363201
8.4750546,48.7363851
8.4752775,48.7364392
8.4754206,48.7364744
8.4755439,48.7365506
8.4756392,48.7366139
8.4757229,48.7366647
8.4758217,48.7367123
8.4759278,48.7367458
8.4761221,48.7368084
8.4764093,48.736862
8.476611,48.7369057
8.4767375,48.7369144
8.4768167,48.7369119
8.4768834,48.7369351
8.4768936,48.7369855
8.4769221,48.7370828
8.4769244,48.7371649
8.4769158,48.7372345
8.4769309,48.7373016
8.4769518,48.7373322
8.4770188,48.7374257
8.4770443,48.737475
8.4770871,48.7375129
8.4771824,48.7375807
8.4773829,48.737673
8.4775398,48.7377944
8.4777155,48.7379511
8.4778418,48.7380645
8.4781826,48.7385064
8.4783143,48.7386509
8.4784402,48.7387266
8.47855,48.7387787
8.4786249,48.7388379
8.4786378,48.7388641
8.478632,48.7388982
8.478623,48.7389509
8.4785539,48.7390344
8.4785268,48.7391438
8.478528,48.7392114
8.4785515,48.7392707
8.478609,48.7393569
8.4786507,48.7394086
8.478754,48.7394671
8.478877,48.7395149
8.4789967,48.7395563
8.4791359,48.7396084
8.4792649,48.7396885
8.4793001,48.7397445
8.4793253,48.739822
8.479363,48.7399403
8.4793583,48.7400821
8.4793757,48.7402862
8.4793968,48.740441
8.4794375,48.7404748
8.4795019,48.7405096
8.47961,48.7405601
8.4797597,48.7406214
8.4798229,48.7406747
8.4798392,48.7407608
8.4798415,48.7407921
8.4798245,48.7409849
8.4798279,48.7411311
8.479863,48.7412598
8.4798831,48.7414351
8.4798552,48.7415458
8.4797806,48.741711
8.4797647,48.7418443
8.4797621,48.742095
8.4797799,48.7422493
8.4798793,48.7424638
8.4798707,48.7425627
8.4798583,48.7426172
8.4798099,48.7427374
8.4798269,48.7428279
8.4798399,48.7428984
8.4798707,48.7429765
8.4799162,48.7429955
8.4799416,48.7430493
8.4799705,48.7430774
8.4800321,48.7430949
8.480084,48.7430951
8.4801585,48.7431148
8.4803555,48.7432274
8.4805303,48.7432926
8.4806238,48.7433532
8.4806477,48.7433802
8.4806945,48.743433
8.4807001,48.7435211
8.4806799,48.7435897
8.4806267,48.7437055
8.4806003,48.7437536
8.4805822,48.7437868
8.4805539,48.7438384
8.4805499,48.7439071
8.4805982,48.7439503
8.4806597,48.7439699
8.4807701,48.7439768
8.4809127,48.7440097
8.4810877,48.7440513
8.4811653,48.7440839
8.4811758,48.7440939
8.4812264,48.7441422
8.4812633,48.7443421
8.4812599,48.7444548
8.4812716,48.7444882
8.4812542,48.7445956
8.4812627,48.7447224
8.4813234,48.7448172
8.4814004,48.744912
8.4815834,48.7451212
8.4816866,48.7451969
8.4817928,48.7452876
8.4820701,48.7454886
8.4821309,48.7455813
8.4821722,48.7456696
8.4821872,48.7457899
8.4821831,48.7458758
8.4821368,48.7459551
8.482094,48.7460065
8.4820221,48.7460556
8.4819825,48.7461069
8.4819818,48.74618
8.4819969,48.7462896
8.4820639,48.7464124
8.4821342,48.7464872
8.4822038,48.7467357
8.4822671,48.7468959
8.4823654,48.747166
8.4824002,48.7472975
8.4824031,48.7473366
8.4823866,48.7473866
8.4822785,48.7475498
8.4822563,48.7476022
8.4822728,48.7477479
8.4822892,48.7479126
8.4823171,48.7479986
8.482382,48.748107
8.4824491,48.748152
8.4824597,48.7481573
8.4824922,48.7481736
8.4826299,48.748236
8.4826466,48.7482435
8.4827366,48.7482726
8.4828878,48.7483067
8.4829563,48.7483266
8.4830461,48.7483527
8.483118,48.7483817
8.483243,48.7485039
8.4832604,48.7485732
8.4832705,48.7486377
8.4832153,48.7487401
8.483146,48.7488114
8.4830452,48.7488914
8.4830114,48.7489182
8.4830073,48.7489706
8.4830099,48.7490637
8.4831489,48.7492506
8.4831879,48.7493032
8.48327,48.7493895
8.4834426,48.749457
8.4836152,48.7495103
8.4836764,48.7495321
8.4837228,48.74958
8.4837977,48.7496663
8.4838336,48.7497817
8.4839031,48.7498785
8.4839726,48.7499619
8.4840814,48.7500379
8.4840943,48.750052
8.4841071,48.7500956
8.4841055,48.7502519
8.4840896,48.7503217
8.4839933,48.750401
8.4839701,48.7504514
8.4839367,48.7505239
8.4839156,48.7506202
8.4838341,48.7507196
8.4837229,48.7507724
8.4836513,48.7508851
8.4835951,48.7509713
8.4835833,48.7511409
8.4835008,48.7513434
8.4834999,48.7513537
8.4834894,48.7514731
8.4834381,48.7515693
8.483397,48.7516006
8.4833164,48.7516619
8.4832806,48.7517314
8.4832999,48.7517893
8.4833323,48.7518251
8.4833936,48.7518926
8.4834581,48.7519957
8.4834745,48.7520585
8.4834764,48.7521147
8.4834565,48.7521516
8.483442,48.7521635
8.4834002,48.7521979
8.4833878,48.7522191
8.4833642,48.7522593
8.4833347,48.7523305
8.4832932,48.7524534
8.4832927,48.7525033
8.4833421,48.7525933
8.4834214,48.7527068
8.4835207,48.7528369
8.4836104,48.7529105
8.4837151,48.7530074
8.4837792,48.7531274
8.4837988,48.7531807
8.483758,48.7532371
8.4837122,48.7532901
8.4836561,48.7533597
8.4836352,48.7534428
8.4836546,48.7535127
8.4836842,48.7535627
8.4837274,48.753581
8.4837794,48.7536031
8.4839295,48.7536769
8.484165,48.7537678
8.4843705,48.7538452
8.4846407,48.7539861
8.4847556,48.7540564
8.4848455,48.7541234
8.4850249,48.7542871
8.4852092,48.7544609
8.4853087,48.7545745
8.485353,48.7546711
8.485392,48.754791
8.4853659,48.7548774
8.4852895,48.7549702
8.48524,48.7550314
8.4852386,48.7550331
8.4852387,48.755034
8.485243,48.755093
8.4852743,48.7554757
8.4853116,48.7557685
8.4853006,48.7558549
8.4852751,48.7558947
8.4852209,48.7559328
8.4852092,48.755941
8.4850726,48.7560136
8.4846733,48.7562014
8.4843447,48.7563662
8.4842127,48.7564787
8.4841695,48.7565584
8.4841461,48.7566015
8.4841299,48.7567078
8.4841645,48.7567712
8.4842589,48.7568847
8.4844919,48.7572377
8.4845681,48.7573346
8.4849176,48.7578085
8.484932,48.7578302
8.4851867,48.7581427
8.4853944,48.7584929
8.4854444,48.758631
8.4855362,48.758798
8.4855868,48.758863
8.4858406,48.7591368
8.4860147,48.7593305
8.4861239,48.7594707
8.4861734,48.7595574
8.4861617,48.7596444
8.4861394,48.7599298
8.4862114,48.760266
8.4862628,48.7606554
8.4863364,48.760832
8.4864759,48.7609657
8.486661,48.7610696
8.4868412,48.7611602
8.4870468,48.761221
8.4873531,48.7612789
8.4875993,48.7613132
8.4879348,48.761471
8.488155,48.7615851
8.4883543,48.7617689
8.4884891,48.7618726
8.4886286,48.7620063
8.4886581,48.7620796
8.4885985,48.7622973
8.4885954,48.7623088
8.4885273,48.7625746
8.488455,48.7627572
8.4884234,48.7628934
8.4884526,48.7629607
8.4884726,48.7630067
8.4885825,48.7630804
8.4887777,48.7631844
8.4887676,48.7631843
8.4888078,48.7632079
8.4890477,48.7633485
8.4892231,48.7634125
8.4893685,48.7634597
8.4895495,48.7634738
8.4895884,48.7634734
8.4897709,48.7634715
8.4902839,48.7634871
8.4906106,48.7635184
8.4907811,48.7635724
8.4908512,48.7636785
8.4909743,48.7638693
8.4911705,48.7640983
8.4912031,48.7641364
8.4913371,48.7643166
8.4914666,48.7644435
8.4915915,48.7645339
8.4916959,48.7646607
8.4917698,48.7648074
8.4918279,48.7650338
8.4918969,48.7651772
8.4920215,48.7652941
8.4921912,48.7654346
8.4923614,48.7655151
8.4924864,48.7655955
8.4926308,48.7657491
8.4927149,48.7658892
8.4927591,48.7659925
8.4927126,48.766112
8.4927032,48.766207
8.4927014,48.7662251
8.4927076,48.7662674
8.4927156,48.7663216
8.4927464,48.7663895
8.4927549,48.7664082
8.4928639,48.766575
8.4930579,48.7667954
8.493207,48.7669823
8.4932562,48.7670956
8.4932701,48.7672121
8.4932495,48.7672635
8.4932288,48.767315
8.4931773,48.7674345
8.4931705,48.7676141
8.4931995,48.7677273
8.4932064,48.7677338
8.4932494,48.7677741
8.4933546,48.7678145
8.49349,48.7678583
8.4937759,48.7679527
8.493951,48.7680532
8.4940558,48.7681335
8.49412,48.7682602
8.4941409,48.7683639
8.4941535,48.7684266
8.4941717,48.7686229
8.4942397,48.768866
8.4943368,48.7692157
8.4944108,48.7695542
8.4944108,48.7695563
8.4944226,48.7696251
8.4944557,48.7698573
8.4944802,48.7700102
8.4945042,48.7701598
8.4945666,48.7703601
8.4945761,48.7703781
8.4946709,48.7705586
8.4948006,48.7707933
8.49488,48.7709022
8.4951223,48.7711438
8.4951467,48.7711697
8.4953294,48.7713639
8.4954568,48.7715029
8.4955299,48.7716054
8.4955993,48.7717504
8.4956226,48.771792
8.4957164,48.7719595
8.4958319,48.7722782
8.495895,48.772452
8.4960091,48.7726292
8.4961142,48.7727422
8.4961621,48.7727938
8.4965451,48.7731339
8.4967941,48.7733628
8.4969476,48.7734901
8.4970006,48.7735245
8.4972862,48.7737396
8.4975102,48.7738874
8.4976607,48.7739711
8.4981554,48.774197
8.4983244,48.7742741
8.4993661,48.7747746
8.4997699,48.7749743
8.5001782,48.7751639
8.5004024,48.7752789
8.5006431,48.7753961
8.5009047,48.7755134
8.5013004,48.7756951
8.5013977,48.775738
8.5016612,48.7758744
8.5024849,48.7762718
8.5027274,48.7763903
8.5029946,48.7765209
8.5034492,48.7767982
8.5034972,48.7768275
8.5037447,48.7769629
8.5038028,48.7770017
8.504144,48.7772126
8.5042945,48.7773056
8.5045155,48.7774258
8.5045215,48.7774281
8.5047112,48.7775032
8.5048783,48.7775465
8.5050521,48.7775515
8.50521,48.777548
8.5054389,48.7775234
8.505642,48.7775051
8.5057345,48.7775182
8.5058285,48.7775315
8.5060279,48.7775621
8.5061565,48.7775925
8.5062528,48.7776269
8.5063382,48.7776734
8.506416,48.7777255
8.5066463,48.7778968
8.5069006,48.7780906
8.506902,48.7780916
8.5070205,48.7781581
8.5071617,48.7782119
8.5072709,48.7782422
8.50757,48.7782946
8.5075842,48.7782969
8.5079912,48.7783624
8.5083769,48.778447
8.5085022,48.7784774
8.5086655,48.7785037
8.5092439,48.7787168
8.5093466,48.7787534
8.5094382,48.7787656
8.5096433,48.7787991
8.5099454,48.7788304
8.5104096,48.7788537
8.5106554,48.7788933
8.510925,48.778943
8.5111557,48.7789868
8.5113122,48.7789938
8.5114581,48.7789824
8.5115686,48.7789443
8.5118329,48.7787949
8.5120074,48.7787158
8.5122919,48.7786042
8.5125342,48.7785307
8.5126697,48.7785057
8.5128533,48.7785044
8.5130543,48.7785423
8.5132008,48.7785843
8.5134913,48.7786955
8.5137024,48.7787606
8.5139811,48.7787922
8.5142812,48.7787673
8.5145812,48.7787914
8.5147537,48.7788338
8.5149014,48.7788749
8.5150524,48.7789223
8.5152638,48.7790185
8.5153973,48.779074
8.5155653,48.7791714
8.5158023,48.7793065
8.5160938,48.7794738
8.5161637,48.7795275
8.516286,48.7796671
8.5164307,48.7798955
8.5165685,48.7801169
8.5166038,48.7801664
8.5167133,48.7803201
8.5167689,48.7803835
8.5168286,48.7804369
8.516915,48.780499
8.5169985,48.7805249
8.5171303,48.780551
8.5172654,48.7805685
8.5174328,48.7805842
8.5175754,48.7806048
8.5176152,48.7806081
8.5178434,48.7806195
8.5178974,48.7806242
8.5180577,48.7806378
8.5182223,48.7806394
8.5182997,48.7806402
8.5184934,48.7806311
8.5188426,48.7806404
8.5191676,48.7806473
8.5193854,48.7806519
8.5194421,48.780654
8.5195164,48.7806568
8.5196274,48.7806611
8.5198175,48.7806839
8.5199627,48.7807274
8.5200974,48.7807913
8.5202151,48.7808709
8.5202858,48.7809372
8.5204645,48.7811045
8.5207121,48.7813507
8.520809,48.7814618
8.5208349,48.7815005
8.5208652,48.7815305
8.5208774,48.7815426
8.5208855,48.7815525
8.52095,48.781646
8.5210353,48.7817826
8.5211843,48.7819077
8.5213083,48.781989
8.5214782,48.7820621
8.5217549,48.782151
8.5219046,48.7821951
8.5221929,48.7822349
8.5223928,48.7822661
8.5224573,48.7822697
8.5226309,48.7822459
8.5227621,48.7822328
8.5229002,48.7822362
8.5230669,48.7822384
8.5232419,48.7822513
8.5235696,48.7822586
8.5240472,48.7822536
8.5242784,48.7822602
8.5243277,48.7822683
8.5244858,48.7822945
8.5246275,48.7823469
8.5246696,48.7823716
8.524776,48.7824337
8.5249562,48.7825795
8.5251295,48.7828293
8.5252624,48.7830753
8.5253762,48.783226
8.5254694,48.7833629
8.5255316,48.7834634
8.5255427,48.7834813
8.5256452,48.7836332
8.5256807,48.7836721
8.525854,48.7837577
8.5259955,48.7838124
8.5262242,48.7838891
8.5265184,48.7839697
8.5268568,48.784
8.5272658,48.7840631
8.527604,48.784115
8.5278492,48.7841773
8.5280451,48.7842648
8.5282893,48.7844282
8.5285673,48.7845896
8.5287933,48.7846998
8.5289851,48.7847744
8.5293652,48.784865
8.5297455,48.7849479
8.5300184,48.7849872
8.5301683,48.7850107
8.5302688,48.7850225
8.530488,48.7850255
8.5306609,48.785005
8.5308397,48.7849688
8.5311257,48.7848549
8.5312481,48.7847989
8.5314028,48.7847281
8.5314384,48.7847118
8.5314464,48.7847102
8.5315862,48.7846835
8.5317612,48.7846553
8.5319852,48.784649
8.53212,48.7846534
8.5322214,48.7846566
8.5322419,48.7846573
8.5324109,48.7846868
8.5325744,48.7847344
8.5328684,48.7848331
8.5331516,48.7849317
8.5333141,48.7849689
8.5334241,48.7849942
8.5337022,48.7850405
8.5337568,48.7850496
8.5338879,48.7850737
8.5341824,48.7850947
8.5347124,48.785086
8.5351554,48.7850264
8.535479,48.7849344
8.5355913,48.7848918
8.5358543,48.7847777
8.5360757,48.784675
8.5362627,48.784586
8.5364771,48.7845152
8.5366778,48.7844536
8.5368819,48.7844171
8.5370756,48.7843898
8.5373419,48.7843738
8.5375839,48.7843784
8.5377382,48.7843874
8.5381648,48.7844646
8.5381744,48.7844666
8.5384101,48.7845161
8.5387104,48.7845317
8.5387662,48.7845294
8.5390219,48.7845186
8.5393304,48.7845064
8.5393552,48.7845054
8.5396883,48.7845212
8.5400106,48.7845189
8.5401573,48.7845181
8.5401875,48.7845155
8.5404883,48.7845041
8.5407477,48.7845042
8.5410001,48.7845042
8.5412525,48.7845248
8.5415325,48.7845454
8.5417504,48.7845888
8.5419405,48.784648
8.5422957,48.7847497
8.5425942,48.7848389
8.5430218,48.7849532
8.543245,48.7850407
8.5434026,48.7851207
8.5434598,48.7851738
8.5435706,48.7852766
8.5438091,48.7854797
8.5440429,48.7855997
8.544315,48.7857091
8.5445005,48.7857351
8.544637,48.7857356
8.5446975,48.7857351
8.5448993,48.7857331
8.5452872,48.7857238
8.5454299,48.7857324
8.5455194,48.785756
8.5456225,48.7858077
8.5456958,48.7858445
8.5458259,48.785937
8.5459563,48.7860296
8.546135,48.7861226
8.5461356,48.7861229
8.5461617,48.7861395
8.5463243,48.7862638
8.5465013,48.7865221
8.5465447,48.7866074
8.5466828,48.7867674
8.5468726,48.7869043
8.5469958,48.7870238
8.5471087,48.7871447
8.5471503,48.7871893
8.5471591,48.7872106
8.5472429,48.7874118
8.547248,48.7875916
8.5473008,48.7877979
8.5473754,48.7879107
8.5475791,48.7880916
8.5475888,48.7881045
8.5477198,48.7882803
8.54788,48.7884437
8.547978,48.7885218
8.5480596,48.7885868
8.5482463,48.7888063
8.5484902,48.7890717
8.548711,48.7893473
8.5487938,48.7895536
8.5488619,48.7896938
8.5488651,48.7897338
8.5488706,48.7898021
8.5488449,48.790054
8.5488273,48.7904791
8.5489071,48.790836
8.5492015,48.7911847
8.549462,48.7914508
8.5495211,48.7915124
8.5496987,48.7916976
8.5498215,48.7917641
8.5499811,48.7918225
8.5502736,48.7919001
8.5505203,48.7919345
8.550574,48.791942
8.5508744,48.7919942
8.5510978,48.7920256
8.5512053,48.7920821
8.551224,48.792123
8.5512356,48.7921485
8.5512345,48.7922708
8.5511399,48.7924998
8.5510608,48.7926773
8.5509903,48.7928356
8.5509651,48.7930648
8.5509478,48.7932839
8.5510219,48.7936206
8.5511422,48.7939676
8.5512637,48.7941924
8.5514998,48.7945246
8.5517058,48.7947802
8.5518659,48.7949949
8.5519665,48.7951071
8.5520722,48.795225
8.5523018,48.7954298
8.5523942,48.7955106
8.5524181,48.795527
8.5525964,48.7956609
8.5527539,48.7957993
8.552894,48.7959489
8.5529555,48.7960188
8.5532077,48.7962569
8.5534419,48.7964779
8.5536924,48.7966506
8.5538642,48.7967999
8.5539866,48.7968985
8.5540895,48.7970057
8.5541308,48.7971254
8.5541455,48.7972068
8.5541137,48.7973161
8.554104,48.7973383
8.5539487,48.7976944
8.5538966,48.7978063
8.5538777,48.797953
8.5538657,48.7981019
8.5538806,48.7982145
8.5538848,48.7982464
8.553925,48.7983296
8.5539693,48.7984211
8.5540433,48.7986072
8.5540722,48.7988022
8.554011,48.7989728
8.5538958,48.7992939
8.5534211,48.8000737
8.5530374,48.800487
8.5529366,48.8006776
8.5529104,48.8008466
8.5529088,48.8008573
8.5529425,48.8009342
8.5530149,48.8010349
8.553102,48.8011087
8.5533776,48.8012469
8.553854,48.8014879
8.5539943,48.8015911
8.5541091,48.8016755
8.5543226,48.8018236
8.5546021,48.801983
8.5548114,48.8021679
8.5548509,48.8023587
8.5548547,48.8023769
8.5548622,48.8023881
8.5549281,48.8024863
8.555026,48.8026232
8.5550275,48.8026267
8.5551159,48.8027327
8.5551308,48.8029237
8.5551369,48.8031639
8.5550922,48.8035512
8.5549892,48.803982
8.5549284,48.8043201
8.5550117,48.8045135
8.555042,48.8045552
8.5552706,48.8048672
8.5554686,48.8050613
8.5554828,48.8050753
8.55554,48.8051225
8.5556814,48.8051968
8.5563353,48.8055033
8.5564892,48.805589
8.5565373,48.8056159
8.5565592,48.8056395
8.5565977,48.8056809
8.5566326,48.8057487
8.5566576,48.8057974
8.5566806,48.805869
8.5566768,48.8059204
8.5566422,48.8060097
8.5565901,48.8061171
8.5565737,48.8061684
8.5565986,48.8063466
8.5565979,48.8064276
8.55666,48.8066737
8.5567068,48.8067669
8.556723,48.806817
8.5567794,48.8069446
8.5568464,48.8070231
8.5569606,48.8071219
8.5570308,48.8071988
8.5571352,48.807346
8.5572313,48.8075164
8.5573088,48.8076305
8.5574119,48.8077585
8.5574886,48.8078885
8.5575078,48.8080137
8.5575032,48.8081523
8.5574488,48.8083573
8.5574052,48.8085216
8.5573572,48.8085944
8.5572821,48.8086611
8.5572459,48.8086759
8.5571463,48.8087165
8.5570136,48.8087987
8.5568672,48.8088943
8.5567885,48.8089946
8.5567741,48.8090884
8.5567802,48.8091666
8.5568267,48.809263
8.5569036,48.8093728
8.5569751,48.8094316
8.5570783,48.8095165
8.5572396,48.8096513
8.5574374,48.8098622
8.5576372,48.8100904
8.5576887,48.8101493
8.5578294,48.8103175
8.5580581,48.8104815
8.558213,48.8105715
8.5583545,48.8106414
8.5585302,48.8106756
8.5587264,48.8106875
8.5589767,48.8107086
8.5591257,48.8106957
8.5592026,48.8106768
8.5593801,48.8106408
8.5596375,48.8106239
8.5600471,48.8106121
8.5601648,48.8106176
8.5607203,48.8106437
8.5611399,48.8106609
8.5614409,48.8106867
8.5615929,48.8107141
8.5617382,48.8107415
8.562161,48.8107744
8.56247,48.810796
8.5626684,48.8108165
8.5628441,48.8108418
8.5629657,48.8108713
8.5632356,48.8109707
8.5635662,48.8111016
8.5636437,48.8111421
8.5637311,48.8112095
8.5638453,48.811315
8.5639356,48.8114294
8.5639816,48.811529
8.5640586,48.8116958
8.564175,48.8119288
8.5643019,48.8121304
8.5644844,48.8123294
8.5645422,48.8123798
8.5646548,48.8125015
8.5648385,48.8126482
8.5649366,48.8127096
8.5650479,48.8127547
8.5651307,48.8127891
8.5652203,48.8128128
8.5653403,48.8128296
8.565504,48.8128525
8.5656427,48.8128531
8.5658426,48.8128382
8.5659941,48.8128142
8.5661956,48.8128051
8.5662694,48.8128018
8.5666041,48.8127837
8.5667644,48.8127762
8.5668349,48.8127726
8.5669567,48.8127753
8.5670885,48.8128004
8.5672235,48.8128367
8.5673756,48.8128685
8.5674522,48.8128951
8.5675703,48.8129402
8.5679893,48.8131413
8.5685186,48.8133802
8.569412,48.8137971
8.5698709,48.813971
8.5701375,48.8140547
8.5702862,48.8140843
8.5703742,48.8140869
8.5705368,48.8140673
8.5708148,48.8140147
8.5710961,48.8139733
8.5713479,48.8139445
8.5716077,48.8139149
8.5717961,48.8138891
8.5719263,48.8138713
8.5721058,48.8138586
8.5723053,48.813875
8.5731202,48.8139808
8.5734584,48.8140111
8.5736341,48.8140476
8.5738097,48.8140974
8.5740089,48.8141518
8.5744922,48.814325
8.5751566,48.8145224
8.5755886,48.8146724
8.5758606,48.814779
8.5760137,48.8148566
8.5765455,48.815166
8.5770671,48.8154685
8.5772833,48.8155945
8.577525,48.8157054
8.5777951,48.8158357
8.5779247,48.8159084
8.5783604,48.8161267
8.5785491,48.8162651
8.5786622,48.8163226
8.5785942,48.816685
8.5785693,48.8167928
8.5784962,48.8170341
8.5784653,48.8171155
8.578399,48.8173457
8.5783864,48.8174139
8.5783861,48.817535
8.5783975,48.8176782
8.5784283,48.8178597
8.5784908,48.8181344
8.5786156,48.8187383
8.5787768,48.8193667
8.5788194,48.8196281
8.5788205,48.8197836
8.5788094,48.8199564
8.5787907,48.8201196
8.5787713,48.8202069
8.5787051,48.82037
8.5786619,48.8204422
8.5786199,48.820503
8.5785689,48.820563
8.5785141,48.8206182
8.5784431,48.8206696
8.5783611,48.8207177
8.5782502,48.8207665
8.5780887,48.8208293
8.5778657,48.8209439
8.5776628,48.8210797
8.5775077,48.8212257
8.5774278,48.821311
8.5773957,48.8213452
8.5772248,48.8215728
8.5771276,48.8217356
8.5770326,48.8219368
8.5767918,48.8223806
8.576639,48.8226973
8.576537,48.8229892
8.5764689,48.8232122
8.5764117,48.8234451
8.5763616,48.823686
8.5762906,48.8240958
8.5762686,48.8243089
8.5762483,48.824622
8.5762495,48.8247819
8.5762704,48.8249885
8.5762801,48.8250401
8.5763681,48.8253652
8.5764049,48.8254869
8.5764616,48.825647
8.5765086,48.8257571
8.5765786,48.8258306
8.5770552,48.8261505
8.5771656,48.8262192
8.577999,48.8267002
8.5781394,48.826794
8.5783074,48.8269162
8.5787635,48.8272709
8.5789965,48.8274683
8.5791094,48.827542
8.5794002,48.8277579
8.5795304,48.827865
8.5796608,48.8279637
8.5797815,48.8280842
8.5800479,48.8284248
8.580282,48.828787
8.5803606,48.8289365
8.5804705,48.8291758
8.5804936,48.8292212
8.5805527,48.8293369
8.5806064,48.8294291
8.5808768,48.8298346
8.5810002,48.8300821
8.5811254,48.8303756
8.5811447,48.830434
8.5811568,48.8304923
8.581172,48.8306161
8.5811733,48.8306744
8.5811485,48.8308385
8.5810724,48.8311581
8.5810624,48.831226
8.5810619,48.8312819
8.5810668,48.8313497
8.5810789,48.831414
8.5810982,48.83147
8.5811302,48.8315236
8.5811651,48.8315661
8.5813195,48.831723
8.5814036,48.8318018
8.5816458,48.832014
8.5817398,48.8320853
8.5819742,48.8322616
8.5826382,48.8326881
8.5828078,48.8328061
8.5828961,48.8328778
8.5831052,48.8330718
8.5832178,48.8331855
8.583368,48.8333226
8.5836958,48.8336535
8.5837613,48.8337121
8.5848183,48.8345752
8.5852219,48.8348965
8.5854927,48.8350973
8.5858672,48.8353232
8.5862233,48.8355246
8.5863647,48.8355978
8.586628,48.8357093
8.5869071,48.8358135
8.5870497,48.835862
8.5877226,48.8360579
8.5881382,48.8361654
8.588722,48.8363163
8.5891954,48.8364312
8.589417,48.8364837
8.5896034,48.836521
8.5897873,48.8365499
8.5902083,48.8365964
8.5903671,48.836607
8.5905286,48.8366092
8.5905816,48.836606
8.5906725,48.836598
8.5908038,48.8365769
8.5912361,48.8364785
8.5913851,48.8364507
8.591608,48.8364191
8.5917185,48.8364136
8.5918067,48.8364189
8.5918823,48.8364291
8.5920466,48.836462
8.5921313,48.8364828
8.5922323,48.8365153
8.5924385,48.836596
8.5927635,48.8367436
8.5930467,48.8368912
8.5932526,48.8370136
8.5934835,48.8371593
8.5939713,48.8374347
8.5940862,48.8374948
8.5940933,48.8374986
8.5943301,48.8376052
8.5946395,48.8377312
8.5948357,48.8378019
8.5952215,48.83792
8.5978848,48.838582
8.5979854,48.8386123
8.5981565,48.8386712
8.5984206,48.8387821
8.5989437,48.8389904
8.5991929,48.8390629
8.5995831,48.8391658
8.5996737,48.8391961
8.5997643,48.8392331
8.5998824,48.8392934
8.6000154,48.8393772
8.6001232,48.8394625
8.6002409,48.8395761
8.6002657,48.8396056
8.6003534,48.8397098
8.6004483,48.8398367
8.6005354,48.8399852
8.6005701,48.8400686
8.6006069,48.8402003
8.600619,48.8402603
8.6006235,48.8403236
8.60062,48.8404551
8.6005835,48.8405966
8.6005118,48.8407551
8.6004193,48.8409055
8.6003271,48.8410194
8.6001524,48.841193
8.6000455,48.8413109
8.5999713,48.8414322
8.5999456,48.8414937
8.599904,48.8416381
8.599878,48.8417383
8.5998392,48.8419313
8.5998281,48.8419946
8.5998315,48.8421945
8.5998181,48.842291
8.5998027,48.8423326
8.5996487,48.8426568
8.5994385,48.8430725
8.5991203,48.8437392
8.5989918,48.8440302
8.5989559,48.8440984
8.598887,48.8441997
8.5988436,48.8442562
8.5987876,48.844316
8.5986606,48.8444205
8.598516,48.8445215
8.5983182,48.8446441
8.5981104,48.844755
8.5978901,48.8448558
8.5976544,48.8449765
8.5971425,48.8452529
8.5969145,48.845367
8.5967351,48.8454481
8.5965664,48.8455062
8.5963593,48.8455562
8.5961356,48.8455919
8.595835,48.8456197
8.5953528,48.845643
8.5950525,48.8456403
8.5949214,48.8456365
8.5947801,48.8456277
8.5942657,48.8455792
8.5940011,48.8455416
8.5937768,48.8455009
8.593535,48.8454517
8.5933837,48.8454188
8.5929128,48.8453163
8.5924241,48.845218
8.5922301,48.8451823
8.5920488,48.845154
8.5916744,48.8451035
8.5911918,48.8450447
8.5909697,48.8450213
8.590705,48.844997
8.5904377,48.8449778
8.5896557,48.8449384
8.5893782,48.844929
8.5891941,48.8449167
8.5888637,48.8449056
8.5887249,48.8449051
8.5886239,48.8449114
8.5885469,48.8449259
8.5883962,48.8449805
8.588239,48.8450715
8.5881629,48.8451212
8.5880232,48.8452357
8.5879672,48.8452921
8.5879137,48.8453598
8.5878674,48.845431
8.5877957,48.8455896
8.5877718,48.845667
8.5877519,48.8457446
8.5877242,48.8459047
8.5876895,48.8462337
8.5876519,48.8465072
8.5876479,48.8467039
8.5876814,48.8469182
8.5879032,48.8475569
8.5880246,48.8478404
8.5882433,48.8482476
8.5883304,48.8483978
8.5884428,48.8485381
8.5886078,48.8487269
8.5887698,48.8489806
8.5889042,48.8492009
8.5889987,48.8493678
8.5890411,48.8494291
8.5890744,48.8494705
8.5891793,48.8495803
8.5892628,48.8496551
8.5895146,48.8498593
8.5896777,48.8499764
8.5899313,48.8501272
8.5899582,48.8501406
8.5902,48.8502612
8.5903713,48.8503336
8.5904694,48.850369
8.5906456,48.8504179
8.5907321,48.8504328
8.590865,48.850447
8.5909786,48.850444
8.5910106,48.8504401
8.5910249,48.8504376
8.5911299,48.8504695
8.596866,48.8522876
8.5989478,48.8529749
8.5989849,48.8529677
8.5996739,48.8533698
8.6004931,48.8540736
8.6011537,48.854988
8.6018842,48.8556186
8.6033486,48.8564659
8.6055256,48.8574869
8.6090644,48.8586553
8.6106633,48.8589319
8.6132568,48.859269
8.6142094,48.8591865
8.6159378,48.8594921
8.6180563,48.8597275
8.617934,48.8618731
8.6178964,48.8645707
8.6179577,48.8654701
8.617794,48.8667084
8.6180413,48.8673754
8.6197563,48.8682457
8.6221557,48.8690988
8.623441,48.8694672
8.6246792,48.8697725
8.6264256,48.8704706
8.6274846,48.871036
8.627949,48.8713657
8.628928,48.8721647
8.6294477,48.8728543
8.6296593,48.8732821
8.6298026,48.8737187
8.6298267,48.8746135
8.6297178,48.8755078
8.6293502,48.8763744
8.6292413,48.8768147
8.62919,48.8772911
8.6294802,48.8786139
8.6300187,48.8795328
8.631392,48.880967
8.632956,48.8824377
8.6333145,48.882821
8.6345912,48.8844392
8.6351308,48.8852322
8.6357591,48.8860301
8.6365172,48.8867787
8.6369305,48.8871353
8.6373814,48.8874694
8.6379078,48.8877543
8.6383691,48.888084
8.6396604,48.8891266
8.6407945,48.8902587
8.6410774,48.8907271
8.6411805,48.8915593
8.6411433,48.8920087
8.6409695,48.8924533
8.639245,48.8933292
8.638184,48.8943645
8.6378504,48.8947591
8.6372375,48.8955979
8.6363939,48.8962607
8.6346465,48.896961
8.6340382,48.8971614
8.6308781,48.8980056
8.6282263,48.8987884
8.6278667,48.8990211
8.627448,48.8993659
8.6272165,48.8997878
8.6271508,48.9003676
8.627359,48.9007729
8.6276628,48.9012145
8.6287357,48.9018294
8.6298377,48.9022196
8.633648,48.9034278
8.6340521,48.9036674
8.6345031,48.903997
8.6353878,48.9052137
8.6364659,48.9065615
8.6371764,48.9073326
8.6385496,48.9093871
8.6393142,48.9102527
8.6419724,48.9114839
8.6437617,48.9121414
8.6445375,48.9123911
8.6456122,48.912835
8.6461775,48.9129582
8.6467866,48.9131579
8.6479291,48.9136469
8.6485521,48.9138197
8.6492026,48.913952
8.6498848,48.9139451
8.6505571,48.9138887
8.6525042,48.913472
8.6531535,48.9132806
8.6542552,48.9127893
8.6553197,48.912226
8.6563029,48.911604
8.6577283,48.9106326
8.6587555,48.9100421
8.6604254,48.9092198
8.6609658,48.9089876
8.6615607,48.9087735
8.662133,48.9083615
8.6626588,48.9077651
8.6653126,48.9076829
8.6672186,48.9077423
8.6688755,48.9078192
8.6713584,48.9077902
8.6722176,48.9073026
8.6724172,48.9064983
8.672623,48.9047544
8.6721202,48.901327
8.6718514,48.9001977
8.6715269,48.8992526
8.6712347,48.8983878
8.6720417,48.8985899
8.6734369,48.8986375
8.6753408,48.8984451
8.6778265,48.8984341
8.6812213,48.8986414
8.6835012,48.8988313
8.6852782,48.8992909
8.6869017,48.8997674
8.6877211,48.8991795
8.688567,48.8989355
8.690163,48.8990718
8.6910385,48.8993706
8.6917019,48.8994638
8.6933301,48.9001579
8.6951174,48.9003674
8.6963401,48.9005971
8.6989014,48.9009408
8.7006354,48.9015413
8.7011587,48.9018389
8.7029104,48.9022038
8.7055653,48.9027317
8.7080483,48.9030235
8.7096441,48.9032309
8.7107517,48.9035942
8.7111198,48.9039052
8.7115832,48.904074
8.7121067,48.9044217
8.7145285,48.9044387
8.7155563,48.9046724
8.7160614,48.9047004
8.716846,48.9047707
8.717371,48.9044597
8.7190005,48.9044692
8.7188629,48.9049336
8.7183057,48.905175
8.7181677,48.9053221
8.7179216,48.90545
8.7175036,48.9065861
8.71823,48.9078063
8.7187059,48.9083006
8.7184074,48.9087472
8.7180156,48.9090984
8.7178179,48.9094405
8.7166529,48.9096101
8.7166377,48.9099045
8.7157746,48.9101344
8.7148194,48.9107042
8.7143793,48.9108923
8.7144976,48.9114267
8.7123449,48.9117618
8.7108354,48.911803
8.7105125,48.9127158
8.7099726,48.9136899
8.7088771,48.9146245
8.7085512,48.9160322
8.7075663,48.9165484
8.7063803,48.9169038
8.7054114,48.9175308
8.7042691,48.9180224
8.7030931,48.918478
8.7025525,48.9187509
8.7022431,48.9193422
8.702007,48.9201981
8.7013187,48.9206008
8.6996393,48.9207138
8.6985105,48.9210019
8.6971604,48.9208725
8.6944755,48.9203574
8.6938616,48.9203333
8.6925607,48.9205527
8.6918879,48.9206253
8.6924435,48.9211627
8.6925224,48.9214794
8.692578,48.9221687
8.6925166,48.9233208
8.6922148,48.9239553
8.6913882,48.9245062
8.6907512,48.9250505
8.6907516,48.9263032
8.6906668,48.927759
8.6904653,48.9288148
8.6897449,48.9296908
8.6888213,48.9301523
8.6882982,48.9306576
8.6879397,48.9313013
8.6872356,48.9320592
8.6867321,48.9323591
8.6862762,48.9326951
8.6852813,48.9332439
8.6858925,48.9334809
8.6868473,48.9338662
8.6885096,48.934406
8.6896304,48.9349116
8.6901632,48.9356208
8.6918582,48.9369509
8.6931249,48.9369584
8.6941266,48.9373227
8.6933633,48.9381266
8.6927349,48.9390112
8.6924423,48.9396082
8.6923625,48.9408392
8.692655,48.9417233
8.6920113,48.9427638
8.6918748,48.9438739
8.6920691,48.9443696
8.6929624,48.9444242
8.6936467,48.9445231
8.6945003,48.9447248
8.6956489,48.9450347
8.6971335,48.9456153
8.6984261,48.9459365
8.6983163,48.9462863
8.6979433,48.9470562
8.7002327,48.9473084
8.7018696,48.947666
8.7021144,48.9478094
8.7035559,48.9480588
8.7043757,48.9493164
8.704605,48.9506189
8.7057481,48.9508331
8.7078767,48.9514432
8.7082781,48.9519771
8.7084541,48.9526978
8.7086734,48.9536257
8.7084087,48.9543605
8.7083488,48.9549321
8.7083363,48.9559122
8.708522,48.9562589
8.7088578,48.9566374
8.7114403,48.9581051
8.7124987,48.9586697
8.7134199,48.9593329
8.7142558,48.9600454
8.7154136,48.9611588
8.7161159,48.9619293
8.7165305,48.9622765
8.7170786,48.9625431
8.7175376,48.962877
8.7181814,48.9631393
8.7187022,48.9634283
8.7193935,48.9637447
8.7205517,48.9641972
8.7254247,48.9665108
8.726028,48.9667056
8.7273308,48.9669784
8.72847,48.9671471
8.7292966,48.9671842
8.7301226,48.9671963
8.7313785,48.9672982
8.7320613,48.9673222
8.7327267,48.9673957
8.7333885,48.9675097
8.7348183,48.9679041
8.7363318,48.9687087
8.7368002,48.9689763
8.7375928,48.9694301
8.7383068,48.9698184
8.7386006,48.9702032
8.7389525,48.9706323
8.7395927,48.971219
8.7400604,48.9716245
8.7404053,48.9720155
8.7403872,48.9727149
8.7409416,48.9731349
8.7419306,48.973375
8.7436982,48.9740023
8.7452358,48.9744006
8.7469681,48.9741494
8.7506705,48.9740136
8.751163,48.9738707
8.7517794,48.9735214
8.7522446,48.9733516
8.7527778,48.9732538
8.7540434,48.9735307
8.7547693,48.9738155
8.7558433,48.974173
8.7570123,48.9746386
8.7575163,48.9749319
8.758075,48.9751758
8.7586992,48.975357
8.760037,48.9755306
8.7613922,48.9756368
8.762928,48.9758378
8.7639371,48.9762131
8.7647533,48.9769296
8.7651991,48.9772632
8.7671156,48.9774874
8.7684519,48.9776995
8.7711095,48.9782472
8.7729303,48.9784411
8.7743414,48.9781108
8.7763502,48.9782813
8.7784845,48.9786113
8.7804244,48.9789124
8.7834873,48.9793988
8.785828,48.9797458
8.7869119,48.9798967
8.7889616,48.9803664
8.7896274,48.9804575
8.7915895,48.9806069
8.7929409,48.9807092
8.7945388,48.980655
8.7962445,48.9807341
8.7979713,48.9809703
8.7990773,48.9809913
8.7994805,48.9803561
8.7999082,48.9798501
8.8009337,48.9798905
8.8027805,48.9801732
8.8042705,48.9804077
8.8056418,48.9805278
8.8058592,48.9815965
8.8064705,48.9824967
8.8066038,48.9833512
8.8072989,48.9839181
8.8074185,48.9846564
8.8078946,48.9851967
8.8088228,48.9854231
8.8093744,48.9855721
8.8099411,48.9859644
8.8095292,48.9865002
8.8095266,48.9871777
8.8090479,48.9873118
8.8091127,48.9882111
8.8086338,48.9887905
8.8077416,48.9894677
8.8073895,48.9896937
8.8068546,48.9898422
8.8072756,48.990205
8.8068271,48.9907807
8.8080085,48.9911317
8.8088889,48.9916726
8.8098499,48.991989
8.8107989,48.9925229
8.8119681,48.9928152
8.8132254,48.9927502
8.8139004,48.9924681
8.8149628,48.9921554
8.8160441,48.9920739
8.8169981,48.9922039
8.8177063,48.992324
8.8184687,48.992437
8.8191624,48.9925594
8.8197877,48.9926175
8.820651,48.9928187
8.8215684,48.9930699
8.822157,48.9932315
8.8228227,48.9933404
8.824089,48.9936661
8.8253827,48.9939558
8.8267104,48.9943219
8.8273218,48.9943409
8.828493,48.994491
8.8296547,48.9944477
8.8296536,48.9947624
8.8300015,48.9949428
8.8312241,48.9950795
8.8318369,48.9957098
8.8329289,48.9960711
8.8335323,48.9962005
8.8332109,48.9966183
8.831557,48.9965445
8.8300969,48.9969921
8.8297409,48.9972754
8.8300085,48.998325
8.8299213,48.9984451
8.8304,48.9993225
8.8306525,49.0004828
8.8308748,49.0013689
8.8315592,49.0030874
8.8319868,49.0039647
8.8322485,49.0043787
8.8325106,49.0046893
8.8327552,49.0050943
8.8333947,49.0059675
8.8338137,49.0063682
8.8340686,49.0067822
8.8351638,49.0083169
8.8362532,49.0095774
8.8364842,49.0100003
8.8365135,49.01045
8.8363788,49.0108859
8.8361688,49.0113127
8.83585,49.011636
8.8353464,49.012031
8.8344252,49.0126051
8.834014,49.0129192
8.8334661,49.0132601
8.8329458,49.01352
8.8322138,49.0136944
8.8308185,49.0139621
8.8295284,49.0144638
8.8290282,49.0148182
8.8291503,49.0151061
8.8292348,49.015358
8.8293565,49.0157359
8.8296904,49.0160781
8.8297692,49.0170224
8.8299135,49.0177914
8.8295723,49.0196208
8.8295645,49.0209291
8.8302696,49.0209721
8.8310339,49.0209464
8.8320941,49.0208429
8.8330328,49.0207982
8.8338882,49.0209624
8.8354525,49.0213198
8.8368692,49.0218523
8.8386218,49.022147
8.8404999,49.0227251
8.8414583,49.0234008
8.8423498,49.023929
8.8430468,49.0243082
8.8438092,49.0246067
8.8447343,49.0249493
8.8451023,49.0252532
8.8447545,49.0254311
8.8441241,49.0257229
8.8434291,49.0258255
8.8423217,49.0259417
8.8412141,49.02614
8.8408445,49.026318
8.8404729,49.0265356
8.8393869,49.0276332
8.8392961,49.0282355
8.8397413,49.0290454
8.8396553,49.0292124
8.8393127,49.0294405
8.8392439,49.0295753
8.8395422,49.0297555
8.8400625,49.0301609
8.8404716,49.0305211
8.8410196,49.0306795
8.8413598,49.0307472
8.8417959,49.0312153
8.8417065,49.0321678
8.8416623,49.0334317
8.840544,49.0356736
8.8388969,49.0375372
8.8378517,49.0382551
8.8384965,49.0387056
8.8388024,49.0392725
8.8389854,49.0397763
8.8392916,49.0402443
8.8400909,49.0405062
8.8411064,49.0405301
8.8432921,49.0403083
8.8462189,49.0403751
8.8481577,49.0403552
8.848909,49.0406754
8.8495806,49.0413732
8.8502819,49.0423947
8.8507409,49.043281
8.8509849,49.0440276
8.8511273,49.0444235
8.8518339,49.044865
8.8525028,49.0453064
8.8536704,49.0459823
8.8546612,49.0462893
8.8555461,49.0465916
8.8558741,49.0467045
8.8561748,49.0467768
8.8566398,49.0468268
8.857615,49.0466301
8.8589702,49.0462946
8.86025,49.0459815
8.8615767,49.04627
8.8623157,49.0460317
8.8632447,49.0457866
8.8647432,49.0457705
8.8660012,49.0463002
8.8670115,49.047064
8.8680289,49.0477171
8.869043,49.0482533
8.8698594,49.0486903
8.8715948,49.0494572
8.8731507,49.0495032
8.8739664,49.0492422
8.8751945,49.0492506
8.8756727,49.0489485
8.8763045,49.0493044
8.8774009,49.0498675
8.8786171,49.0504262
8.8793482,49.0507373
8.8797716,49.0510614
8.8796404,49.0515558
8.8795363,49.0521897
8.8794325,49.0526706
8.8793142,49.0535113
8.8794731,49.0542622
8.8794398,49.0552918
8.8794827,49.0559572
8.8794723,49.0562214
8.8794681,49.0563259
8.8797446,49.0565825
8.8811361,49.0568536
8.8823456,49.0574169
8.8834116,49.0579485
8.8841832,49.0585787
8.8841804,49.0585816
8.8834082,49.0594007
8.8826335,49.0601013
8.882077,49.0610943
8.8820165,49.0620834
8.8815965,49.0632069
8.8815065,49.0636474
8.8811691,49.0645238
8.879561,49.0660238
8.8781257,49.0667731
8.8778638,49.0675012
8.8778614,49.0684903
8.8779351,49.0691693
8.877819,49.0704775
8.877816,49.0717318
8.877851,49.072748
8.8786988,49.073113
8.8795426,49.0736489
8.8804614,49.0743512
8.8806228,49.0748732
8.8807534,49.0752957
8.881011,49.0763346
8.881838,49.076785
8.8840296,49.0772
8.8852749,49.0774368
8.8853178,49.0776533
8.8862916,49.0778589
8.8866232,49.0785253
8.887882,49.0792189
8.8888232,49.0793935
8.8885788,49.0802069
8.8886796,49.0804711
8.8894872,49.080479
8.8900613,49.0805828
8.8903022,49.0807396
8.8903031,49.0807391
8.8910349,49.0812337
8.8917562,49.0817101
8.8914617,49.0821144
8.8922061,49.0833394
8.8923876,49.083556
8.8928962,49.0838546
8.8930744,49.0841146
8.8932818,49.0848791
8.8932232,49.0850709
8.893085,49.0854111
8.8929781,49.085733
8.8929337,49.0860572
8.8927372,49.0866668
8.8924808,49.0870368
8.8924742,49.0871829
8.8925447,49.0874863
8.8926325,49.0877967
8.8926682,49.0881163
8.8926137,49.0885157
8.8925175,49.088986
8.8923875,49.0897234
8.8923949,49.0899105
8.8924684,49.0900429
8.8931976,49.0908113
8.8931847,49.0911583
8.8930396,49.0915214
8.8928803,49.0917681
8.8920974,49.0917437
8.8920497,49.091766
8.8919168,49.0918283
8.8918369,49.0919037
8.8916838,49.0931204
8.8916914,49.093344
8.8917792,49.093643
8.8918109,49.0937845
8.8917216,49.094184
8.8918019,49.0943026
8.8923055,49.094597
8.8919935,49.0945816
8.8906198,49.0945758
8.8906089,49.0953393
8.8901558,49.0953574
8.890832,49.0958168
8.8920774,49.0957631
8.8942582,49.095526
8.8945014,49.0965164
8.8945186,49.0969618
8.8943753,49.0978753
8.8931191,49.0986576
8.8923088,49.0990876
8.8921915,49.0992092
8.89197,49.0993744
8.8918632,49.0995142
8.8918266,49.0997475
8.891807,49.0999121
8.8918954,49.1001038
8.891946,49.1003413
8.8919613,49.1005287
8.8920182,49.1011365
8.8920578,49.1013147
8.8911735,49.102186
8.8913275,49.1027569
8.8909912,49.1033797
8.8909282,49.103805
8.8909348,49.1040902
8.890641,49.1042959
8.8909627,49.1043618
8.8910105,49.1045648
8.8909646,49.105323
8.890723,49.1060253
8.8901835,49.1071081
8.8912387,49.1074131
8.8906462,49.1084391
8.8901681,49.1088483
8.8916115,49.1096604
8.8904821,49.1105634
8.890984,49.1111936
8.8912894,49.1116836
8.8909971,49.1118338
8.8908952,49.1120445
8.8906003,49.112255
8.8910773,49.1127134
8.8907808,49.112941
8.890436,49.1132054
8.8896998,49.1152482
8.8894244,49.11522
8.8892555,49.1156318
8.8889683,49.1160421
8.8885187,49.1160011
8.8883734,49.1163466
8.8880594,49.1168415
8.8874988,49.1173832
8.8854795,49.1171495
8.8846506,49.1165898
8.8828789,49.1174667
8.882573,49.1177765
8.8814662,49.1194651
8.8807006,49.1189531
8.8795581,49.1181027
8.8785141,49.1181561
8.878279,49.1185638
8.8778705,49.1187622
8.8775017,49.1201637
8.8772399,49.120153
8.8770495,49.1214347
8.8768899,49.1226706
8.8764973,49.1239191
8.8751133,49.1236435
8.8740967,49.1235738
8.8740902,49.1236035
8.873377,49.1251032
8.8739524,49.1264492
8.8746521,49.1273989
8.8735892,49.1275353
8.8747035,49.1288461
8.8740799,49.1291375
8.8730072,49.1296133
8.872399,49.1297795
8.8717839,49.1299799
8.8719706,49.1302592
8.8726395,49.1312642
8.8717478,49.1317439
8.8712384,49.132097
8.8708046,49.1313408
8.8705443,49.1314784
8.8698347,49.1320694
8.8686618,49.1317033
8.8661981,49.1310059
8.8620705,49.1299459
8.8617669,49.1298511
8.859498,49.1260904
8.8578185,49.1259402
8.8560956,49.1260526
8.8524544,49.1262689
8.8496735,49.1264961
8.8446967,49.1269487
8.8436505,49.1270225
8.8416014,49.1270661
8.8373109,49.1270535
8.8356552,49.1267033
8.8334771,49.1262978
8.8326548,49.1261728
8.8306214,49.1258352
8.8306425,49.1260475
8.8301167,49.1258969
8.8291243,49.1254791
8.8289608,49.125543
8.8284725,49.1253858
8.8278292,49.1258753
8.8269138,49.1263549
8.8263503,49.1265345
8.8263684,49.1266881
8.8263705,49.1267775
8.8259664,49.1275714
8.8259691,49.1276383
8.8266925,49.1279942
8.8282486,49.1288027
8.8283524,49.1288499
8.8284426,49.1288722
8.8285909,49.1289014
8.8290202,49.1289936
8.8300813,49.1292059
8.8312841,49.1294481
8.8298688,49.1305347
8.8276572,49.1320914
8.8269364,49.1326074
8.8268412,49.1335189
8.8273776,49.1352252
8.8279645,49.1356782
8.82903,49.1365097
8.8292279,49.1366865
8.8293918,49.1368654
8.8296539,49.1373039
8.8300933,49.1380181
8.8313273,49.1386958
8.8307866,49.1395851
8.8308552,49.1396198
8.8311741,49.1396917
8.8316059,49.139751
8.8320341,49.1398058
8.8335339,49.1399126
8.8352989,49.1399455
8.8379304,49.1399775
8.8379313,49.1413349
8.8377339,49.141445
8.8376918,49.1422482
8.8376264,49.1431724
8.837574,49.1444045
8.8372547,49.1457764
8.8364763,49.1471824
8.8354944,49.1483628
8.8391874,49.1497659
8.8392293,49.1498531
8.8392811,49.14995
8.841264,49.1500949
8.8417832,49.1501135
8.842192,49.1502465
8.8407574,49.1510032
8.839767,49.151587
8.8392995,49.1518719
8.8386175,49.1522901
8.8380535,49.152685
8.8375312,49.1530591
8.8371512,49.1533894
8.8369868,49.153317
8.836631,49.1536242
8.8359496,49.1541155
8.8355209,49.1544459
8.8351742,49.1546207
8.8347997,49.1547843
8.8345157,49.1549566
8.8340421,49.1553283
8.8327616,49.1560294
8.8330283,49.1563235
8.8331404,49.1563986
8.8321613,49.1578425
8.8314131,49.1589478
8.8310853,49.1593826
8.8301455,49.1604678
8.8310163,49.1614754
8.8306185,49.1618762
8.8307868,49.1620448
8.8298738,49.1619785
8.8291797,49.161802
8.82808,49.1615217
8.8277377,49.1613856
8.826015,49.1606775
8.8253022,49.1603665
8.8249209,49.1601643
8.824518,49.1598318
8.8242444,49.1595768
8.8239846,49.1592761
8.8237172,49.1589294
8.8235417,49.1587016
8.8232434,49.1583827
8.8230189,49.1581732
8.82299,49.1581298
8.8228324,49.1578927
8.8227127,49.1576989
8.8226273,49.1574548
8.8220571,49.1560723
8.8218204,49.1561004
8.820192,49.1565638
8.8179254,49.1571676
8.8174528,49.1582847
8.8173955,49.1585727
8.8172934,49.1589339
8.8171254,49.1593295
8.8170568,49.1594896
8.8168949,49.1597527
8.8166532,49.1600708
8.8163092,49.1607158
8.8161755,49.1610451
8.8161627,49.1612187
8.8161401,49.1614724
8.816264,49.1617805
8.8165111,49.1622779
8.8166446,49.1626108
8.8169071,49.1632998
8.8169498,49.1634481
8.8170289,49.1638225
8.8171334,49.1643224
8.8171494,49.16443
8.8171336,49.1646802
8.8165971,49.1648516
8.816685,49.165314
8.8167267,49.1655003
8.8167339,49.1656716
8.8165978,49.1659078
8.8168275,49.1663892
8.8169457,49.1668733
8.8169673,49.1669737
8.8170768,49.1672157
8.8171615,49.1673777
8.8172881,49.1675487
8.8174072,49.1676512
8.8179378,49.1678235
8.8191806,49.1682158
8.8199765,49.1684721
8.8201868,49.1697053
8.8203292,49.170038
8.8197534,49.1704953
8.8193263,49.1708501
8.8191304,49.1710375
8.8189024,49.1713051
8.8186723,49.1715112
8.8186191,49.1715872
8.8185852,49.1717221
8.8185998,49.1718519
8.8186461,49.1724256
8.8186839,49.1725208
8.8187749,49.1726448
8.8189004,49.1727846
8.8189929,49.1728958
8.8192818,49.1735669
8.8193924,49.1739699
8.8194947,49.1740468
8.8195554,49.1741354
8.8196026,49.1742537
8.8196261,49.1744338
8.8196461,49.1746138
8.8196716,49.1746912
8.8195743,49.1747192
8.8196815,49.1748896
8.8198233,49.1750347
8.8199829,49.1752025
8.8203469,49.1754991
8.820753,49.1758069
8.820815,49.1757495
8.8211753,49.1760233
8.8215137,49.1762334
8.8219361,49.1764612
8.8221609,49.1765511
8.8224171,49.1766317
8.8229008,49.1767451
8.8232511,49.1768183
8.8234329,49.1768287
8.8234775,49.1768679
8.8239592,49.1773934
8.8242159,49.1780093
8.8236053,49.1780383
8.8231407,49.1780881
8.8229792,49.1781119
8.8225606,49.1781738
8.822043,49.1782848
8.8214694,49.1784185
8.8209478,49.1785661
8.8211405,49.1788218
8.8212362,49.1789487
8.8214064,49.179009
8.8216817,49.179038
8.8224903,49.1790814
8.8232153,49.1791448
8.8238458,49.1792123
8.8241193,49.179299
8.8241745,49.1793215
8.8241536,49.1795634
8.8241267,49.1798829
8.8240965,49.180216
8.8240111,49.1805883
8.8238765,49.1809471
8.8236963,49.181288
8.8235319,49.1815125
8.8234532,49.1816293
8.8233956,49.1816536
8.8234371,49.1821396
8.8234236,49.1826693
8.8233238,49.1834039
8.8233601,49.1838251
8.823376,49.1839796
8.8236236,49.1845061
8.8237603,49.1847261
8.8240418,49.1850542
8.8243071,49.1852795
8.824709,49.1854668
8.825229,49.1856524
8.8254633,49.1858615
8.8255901,49.1860357
8.8257367,49.1862901
8.8255257,49.1864532
8.8256163,49.1870063
8.8258167,49.1871398
8.825681,49.187404
8.8256507,49.1876047
8.8256931,49.1878401
8.8257559,49.1881076
8.8257761,49.1884525
8.825782,49.1888224
8.8257516,49.1892949
8.824469,49.1916073
8.8243481,49.1917984
8.8230318,49.1923206
8.8224613,49.1922625
8.8218995,49.1923347
8.8217247,49.1923884
8.8214381,49.1927361
8.8213578,49.1928465
8.8212219,49.193034
8.8172857,49.1941254
8.8174716,49.1941339
8.8173727,49.1952334
8.8173185,49.1953905
8.8170831,49.1955513
8.8167878,49.1957574
8.8166478,49.1958182
8.8162432,49.1958455
8.8156578,49.1958536
8.8154691,49.1959073
8.8152109,49.1961384
8.8149723,49.1963519
8.8149357,49.1964864
8.8149446,49.1966052
8.8149913,49.1967699
8.8150892,49.1970262
8.8151077,49.1972112
8.8150909,49.1974395
8.8149821,49.1977859
8.8148741,49.1983423
8.8147984,49.1985024
8.8147467,49.1987565
8.8147302,49.1988608
8.8147443,49.1989818
8.8149219,49.1995387
8.8149196,49.1997556
8.8147961,49.2001396
8.8146443,49.2004459
8.8144938,49.2003686
8.8133514,49.2013303
8.8132426,49.201214
8.812812,49.2009432
8.8127139,49.2009216
8.8126059,49.2008979
8.8120589,49.2003761
8.8109353,49.1999158
8.8103974,49.1997354
8.8106093,49.1995933
8.8094412,49.1990642
8.8093119,49.1990211
8.8075136,49.1986488
8.8069348,49.1985689
8.8061245,49.1984435
8.8049832,49.1982669
8.8037751,49.198057
8.8025535,49.1979453
8.8011506,49.1978408
8.8010805,49.1984416
8.8006271,49.1984516
8.8003653,49.1984247
8.7989757,49.1981786
8.7986371,49.1988074
8.7985156,49.1989195
8.7975553,49.1994124
8.7972245,49.1995319
8.7968727,49.1996216
8.7964518,49.1996899
8.7959677,49.1998348
8.7955785,49.2000776
8.7949174,49.2004009
8.793842,49.2008439
8.793402,49.2002722
8.7931143,49.2000288
8.7921477,49.1995199
8.7916508,49.1993044
8.7903523,49.1988542
8.7893235,49.1984972
8.7891318,49.1985072
8.7887234,49.1985383
8.7883086,49.1985534
8.7877611,49.1985766
8.7873113,49.1985938
8.786747,49.1985803
8.7863194,49.1985269
8.7859409,49.1984418
8.7855352,49.1983314
8.7851431,49.1982349
8.784793,49.1981318
8.7843417,49.1980347
8.7839634,49.1979497
8.7837338,49.1979273
8.7833958,49.1979248
8.7831269,49.1979569
8.7827979,49.1980412
8.7811234,49.1989484
8.7791407,49.2000225
8.7792177,49.2000771
8.7763518,49.2009896
8.7747002,49.2020633
8.7740271,49.2028249
8.773967,49.2028771
8.7736281,49.2025591
8.7723883,49.2035198
8.7709278,49.2026969
8.7705779,49.2025402
8.7703305,49.2025978
8.7695728,49.2025402
8.768668,49.2023984
8.7682348,49.2023378
8.7678928,49.2023431
8.7655271,49.2024144
8.7624996,49.2027494
8.7615998,49.2028631
8.7606794,49.2030225
8.760195,49.2031331
8.7603929,49.2041526
8.7598245,49.2042132
8.759085,49.2042217
8.7588678,49.2041649
8.7585711,49.2041451
8.757586,49.2040148
8.7571044,49.2040294
8.7566096,49.2041446
8.7564187,49.2043412
8.7561648,49.2045015
8.755165,49.2048138
8.7544367,49.2050047
8.753966,49.2050993
8.7539778,49.2053343
8.7528621,49.2055145
8.7523257,49.2063462
8.7517524,49.2074039
8.7515211,49.2078379
8.7513185,49.2078155
8.7506851,49.2093593
8.7508842,49.2093816
8.7507425,49.2102399
8.7506448,49.210863
8.7503445,49.2114614
8.7501594,49.211439
8.7495353,49.2127752
8.7493049,49.2133985
8.7494832,49.2134415
8.7488443,49.2146567
8.7487445,49.2149148
8.748607,49.2152961
8.7483479,49.2157621
8.7481246,49.2164015
8.7479941,49.2167897
8.7507875,49.2175073
8.7502972,49.2184598
8.750109,49.2192342
8.7501376,49.2194714
8.7500598,49.2196697
8.7499907,49.2197998
8.7498004,49.2199646
8.7494973,49.2201771
8.7485001,49.2210807
8.7482188,49.2213322
8.7480871,49.2215082
8.7479316,49.22178
8.7469962,49.2230871
8.7465954,49.223699
8.7462932,49.2240058
8.7457017,49.2243955
8.7441736,49.2252942
8.7436793,49.2251557
8.7433898,49.2251439
8.7430584,49.2251803
8.7426222,49.2252395
8.7421372,49.2252825
8.7416488,49.225298
8.7414404,49.2252959
8.7403928,49.2252686
8.7393607,49.225201
8.7391095,49.2252306
8.7385997,49.2253725
8.7386101,49.225372
8.7388918,49.226126
8.738895,49.2262813
8.7388703,49.2265188
8.7387929,49.2268386
8.7386178,49.2272541
8.7384499,49.2274207
8.7380971,49.2275553
8.7371993,49.2278651
8.7369023,49.2280568
8.7367414,49.2282645
8.7365558,49.2286299
8.7363104,49.2293081
8.7362119,49.2297556
8.7362148,49.2301119
8.733709,49.2295183
8.7333495,49.2294221
8.7312836,49.2288721
8.7309173,49.2287462
8.7306451,49.2286271
8.7295254,49.2280871
8.7288506,49.2286073
8.7286058,49.2288309
8.7283509,49.2288832
8.7279448,49.2295293
8.7276402,49.2299812
8.7274933,49.2301959
8.7275099,49.2306459
8.7273124,49.231774
8.7271929,49.232208
8.7270912,49.2324683
8.7269406,49.2327171
8.7263492,49.233459
8.7261184,49.23371
8.7257965,49.234098
8.7255793,49.2344541
8.7253936,49.2347829
8.725229,49.2351345
8.7250043,49.2357557
8.7249447,49.2358766
8.7247172,49.2361734
8.7246192,49.2363378
8.7245383,49.2366712
8.724517,49.2368928
8.7244433,49.2370617
8.7242682,49.2373585
8.7241736,49.237532
8.7241524,49.2376849
8.7240123,49.2376955
8.7232616,49.2378395
8.722678,49.2380423
8.7221999,49.2379253
8.7217114,49.2377352
8.7218444,49.2376029
8.7210943,49.2371864
8.7206582,49.2370375
8.7205637,49.2371677
8.7200192,49.2370278
8.7194503,49.2368582
8.7195413,49.2367395
8.7189238,49.2364968
8.7180864,49.2361373
8.7179289,49.2360485
8.7179365,49.2360139
8.7178252,49.2358195
8.7176613,49.2357098
8.7175288,49.2355795
8.7173687,49.2353212
8.7173326,49.2352859
8.7171701,49.2351268
8.7170097,49.2350444
8.7166118,49.2349458
8.7163151,49.2348633
8.7158579,49.2347509
8.7155403,49.2346775
8.7152646,49.2346338
8.7150029,49.2345376
8.714818,49.2344757
8.7144794,49.2344069
8.714277,49.2343633
8.7140293,49.2342808
8.7138983,49.2342125
8.7133003,49.2339008
8.7131711,49.2338185
8.7131173,49.2337843
8.7130667,49.2337522
8.7130169,49.233717
8.7129433,49.2336651
8.7128354,49.2341151
8.7128101,49.2345559
8.7120605,49.2340046
8.7109171,49.2331354
8.7110432,49.2329437
8.7106697,49.2328725
8.7102788,49.2327762
8.7100827,49.2327158
8.7100777,49.2325855
8.7092354,49.2323062
8.7087429,49.2320824
8.708664,49.2320298
8.7080742,49.2318464
8.7077673,49.2316862
8.7075443,49.2315101
8.7072167,49.2312288
8.7063947,49.2302914
8.7062501,49.2304447
8.7059209,49.2299651
8.705655,49.2296454
8.7053123,49.2293166
8.705001,49.2290678
8.704606,49.2287915
8.7047173,49.2286178
8.704694,49.2285389
8.7046299,49.2284785
8.704646,49.2284117
8.7037076,49.2279404
8.7025496,49.227325
8.7013602,49.2267278
8.7006614,49.2271954
8.7002912,49.2273892
8.6999245,49.2275488
8.6994878,49.2277151
8.6988558,49.2279338
8.6977661,49.228401
8.6974097,49.228604
8.6969765,49.2289508
8.6967808,49.2291013
8.696871,49.2291463
8.6965504,49.2293923
8.696195,49.2297762
8.6959029,49.2302466
8.6958402,49.2303474
8.6951887,49.2313722
8.6949891,49.2316861
8.6948526,49.2319009
8.6940475,49.2314286
8.6938836,49.2313164
8.6933991,49.2309049
8.693284,49.2307974
8.6926739,49.2302806
8.6924542,49.2301502
8.6919938,49.2299647
8.6915927,49.2297519
8.6905725,49.2293348
8.6902332,49.2292024
8.6894041,49.2291131
8.6893269,49.2291047
8.6885726,49.2291657
8.6880811,49.2291446
8.6877167,49.2291289
8.6866826,49.2290118
8.6861814,49.2288999
8.6857716,49.2288005
8.6855301,49.2287419
8.6847814,49.2285691
8.6839991,49.2283933
8.6836183,49.2284567
8.6834093,49.2284915
8.6828381,49.228578
8.6822324,49.2289427
8.6815684,49.2292174
8.6808398,49.2292515
8.6801255,49.229267
8.6794961,49.2293966
8.6787323,49.2295537
8.6783409,49.2295654
8.6779021,49.2295746
8.6778832,49.229575
8.6771105,49.2296175
8.676524,49.2295702
8.676323,49.2295702
8.6752962,49.2295701
8.6752913,49.2296167
8.6752486,49.2300269
8.6751771,49.2303046
8.6751425,49.2304387
8.6745944,49.2304594
8.6739557,49.2304787
8.673929,49.2308735
8.673898,49.231315
8.6736641,49.2312801
8.6731345,49.231201
8.6730607,49.2311957
8.67291,49.231185
8.6727618,49.2311744
8.6725804,49.2311614
8.6722776,49.2311398
8.6721618,49.2311315
8.6719761,49.2311182
8.671924,49.2311145
8.6718636,49.2311212
8.6714903,49.2311629
8.671443,49.2311677
8.6711256,49.2312031
8.6701863,49.2312052
8.6699871,49.2312061
8.6693214,49.2313587
8.6694859,49.2320446
8.6696238,49.2324571
8.6696397,49.2325036
8.6696646,49.2325792
8.6698744,49.2328572
8.6697141,49.2328403
8.6689845,49.2328214
8.6674834,49.2327788
8.6667538,49.2327484
8.6657065,49.2327884
8.6655555,49.2327163
8.6648462,49.2326568
8.6644675,49.2324753
8.6639988,49.2323877
8.6634785,49.2323755
8.6623636,49.2326323
8.6622313,49.233069
8.6617186,49.2335228
8.6600086,49.2332059
8.6599396,49.2333111
8.6592652,49.2332423
8.6590399,49.2345973
8.6585859,49.2345895
8.6584562,49.2353276
8.6589279,49.2353537
8.6587378,49.2375262
8.6573795,49.2375325
8.6574499,49.2379868
8.6561729,49.2380957
8.6560427,49.2381271
8.6557792,49.2381905
8.6545179,49.238801
8.6545442,49.2391799
8.654329,49.2392274
8.653744,49.2393563
8.6532912,49.239431
8.6522327,49.2396057
8.6520223,49.2396189
8.6519159,49.2396257
8.6515626,49.2396479
8.6512791,49.2396657
8.6511446,49.2396742
8.6502869,49.2397391
8.6469087,49.2402765
8.6459868,49.2399991
8.6456706,49.2398664
8.64501,49.2393088
8.6444012,49.2387188
8.6442807,49.2385894
8.6436002,49.2371207
8.6429023,49.235659
8.6427194,49.2353244
8.6421784,49.2355608
8.6416793,49.2360526
8.64097,49.2367421
8.6394671,49.2380829
8.6380068,49.238978
8.6378066,49.2388925
8.6355646,49.2405438
8.6350055,49.2409774
8.6345049,49.241151
8.630452,49.2422055
8.6292634,49.2425148
8.629048,49.2425708
8.6285865,49.24277
8.6279152,49.2431944
8.6270056,49.2433027
8.6258729,49.243433
8.6247262,49.2433143
8.6237754,49.2431176
8.6220073,49.2426602
8.6219962,49.2425074
8.6209826,49.2421775
8.6206506,49.2420865
8.62013,49.242005
8.6173639,49.2415268
8.6163394,49.2413496
8.6151731,49.2411408
8.6150852,49.241125
8.6148091,49.2410522
8.614435,49.2408974
8.6144111,49.2410641
8.6144877,49.2421369
8.609331,49.2436241
8.598724,49.2467417
8.5949215,49.2478584
8.5875776,49.2499423
8.5807339,49.2518789
8.5774925,49.2528255
8.5762049,49.2531889
8.5738801,49.2538989
8.5704908,49.2548919
8.5720823,49.2573525
8.5751291,49.2622441
8.571139,49.2633365
8.5614736,49.2660858
8.5589517,49.2667961
8.5556621,49.2677203
8.5480461,49.2698584
8.543549,49.2628323
8.5433704,49.2627344
8.5430111,49.2628469
8.5427916,49.2629386
8.5427048,49.263078
8.5404506,49.2637903
8.5332199,49.2659079
8.5287143,49.2672698
8.527012,49.2662478
8.5263005,49.2655059
8.5263037,49.2659032
8.5262886,49.2666474
8.5262016,49.2675748
8.5260404,49.2683903
8.5231853,49.2682557
8.5226616,49.2714081
8.5225393,49.2713971
8.5224202,49.272249
8.5222695,49.2729366
8.5218497,49.2741029
8.52183,49.2742138
8.5217878,49.27445
8.5214342,49.2753225
8.5210456,49.2762635
8.5210225,49.2763749
8.5209535,49.2767061
8.5208353,49.2769278
8.520596,49.2774187
8.5203452,49.2776609
8.5202232,49.2777844
8.5200603,49.2779358
8.5199688,49.2779885
8.5198755,49.2780415
8.5197504,49.2780866
8.5196346,49.2781297
8.5193096,49.278219
8.5191856,49.2782293
8.5189184,49.2782514
8.5183768,49.2782086
8.5175734,49.2781821
8.5166826,49.2781624
8.5161448,49.2781949
8.5155198,49.2782731
8.5141476,49.2784937
8.5133655,49.2786223
8.5129047,49.2787094
8.5126256,49.2788398
8.5120398,49.2791715
8.5115968,49.2793751
8.5112826,49.2795134
8.5111397,49.2795763
8.5108839,49.2796806
8.5106233,49.2797869
8.5098862,49.2800309
8.5098348,49.2800479
8.5094473,49.2801853
8.5090775,49.2803363
8.5087323,49.2805261
8.5082336,49.2808393
8.5080475,49.2809487
8.5075292,49.2812532
8.5071106,49.2814955
8.5064826,49.2817632
8.5060954,49.2819439
8.5058232,49.2820719
8.5055862,49.2822183
8.5053528,49.2824788
8.5052942,49.2825764
8.5052242,49.2826935
8.5050397,49.2829311
8.5048411,49.283107
8.5048162,49.2832091
8.504401,49.2834377
8.5039857,49.283623
8.5035109,49.2837877
8.503071,49.2838772
8.5025121,49.2839415
8.5021209,49.2839578
8.5018624,49.2840288
8.5014087,49.2841821
8.4991855,49.28517
8.4990379,49.2851659
8.4979902,49.2856322
8.497634,49.2857983
8.4974174,49.2859143
8.4972356,49.2861582
8.4970361,49.2865115
8.4969242,49.28663
8.4967368,49.2867328
8.4961941,49.2870305
8.4959439,49.2871405
8.4954432,49.2873603
8.4951963,49.2874838
8.4949787,49.2875924
8.4945143,49.2877606
8.4938196,49.2879263
8.4934476,49.2880042
8.492835,49.2881325
8.4922206,49.2882641
8.4920704,49.2883118
8.4920075,49.2883574
8.4919793,49.2885193
8.491986,49.2887861
8.4919857,49.2889093
8.4918597,49.2890437
8.4917675,49.2891088
8.4915481,49.288905
8.4912829,49.2886972
8.4906159,49.2891541
8.4872984,49.2900636
8.4870169,49.2897424
8.4865782,49.2892954
8.4860609,49.2888166
8.4856008,49.2884414
8.4853699,49.2882678
8.4852939,49.2882107
8.4845022,49.2876767
8.483597,49.2871601
8.4825917,49.2866746
8.4815241,49.2862427
8.4810447,49.2860832
8.4804109,49.285896
8.4793827,49.2856396
8.478436,49.2854735
8.4772249,49.2852927
8.4766483,49.2852226
8.4737384,49.2847833
8.4737321,49.2847823
8.4723741,49.2845288
8.4720175,49.2844469
8.4710167,49.2842169
8.4696735,49.2838556
8.4683515,49.2834449
8.465798,49.282534
8.4645765,49.2820563
8.4633997,49.2815742
8.4622231,49.2810742
8.4610315,49.2805315
8.4610264,49.2805292
8.4610256,49.2805288
8.4598955,49.2799484
8.4587856,49.2793273
8.4577276,49.2786704
8.4575851,49.2785749
8.4572517,49.2783514
8.456701,49.2779823
8.4560639,49.2775144
8.4557399,49.2772764
8.4548305,49.2765528
8.4539115,49.2757662
8.4531466,49.2750342
8.4528291,49.2747168
8.452365,49.2742527
8.4516215,49.2734579
8.4516201,49.2734563
8.4512321,49.2730128
8.4509226,49.2726589
8.4502306,49.2718273
8.4502087,49.2718053
8.4493225,49.270736
8.4485151,49.269824
8.4472486,49.2684872
8.446372,49.2676243
8.4455254,49.2668425
8.4444612,49.2659075
8.4433854,49.2650069
8.4423198,49.264161
8.4414908,49.2635543
8.4411139,49.2632785
8.4404714,49.2628315
8.4404698,49.2628303
8.439311,49.2620334
8.4380664,49.2612316
8.4361221,49.2600532
8.4352909,49.2595958
8.4340947,49.2589373
8.4333606,49.2585561
8.432763,49.2582564
8.4322063,49.2579884
8.4316089,49.2576753
8.4260309,49.2552767
8.4256279,49.2551034
8.4242114,49.2544942
8.4198947,49.2526447
8.4180116,49.2518664
8.4130813,49.2497644
8.4126659,49.2495914
8.4101427,49.2485401
8.406419,49.2469519
8.4049027,49.2462653
8.4041584,49.2459108
8.4020702,49.2448255
8.4012312,49.2443536
8.401223,49.2443487
8.3999426,49.2435916
8.3988047,49.2428618
8.3977148,49.2421368
8.3974155,49.2419015
8.3970093,49.2416202
8.3969975,49.241612
8.3969968,49.2416115
8.3969876,49.2416048
8.3965204,49.2412584
8.3959696,49.2408194
8.3953441,49.2403081
8.3948684,49.239901
8.3944235,49.2395075
8.3941518,49.2392678
8.3937171,49.2388744
8.3933064,49.2384901
8.392791,49.2379703
8.3923672,49.2375365
8.3922418,49.2374055
8.39214,49.2372982
8.3917063,49.2368407
8.3912218,49.2363166
8.390667,49.2356483
8.3901734,49.2350298
8.3897479,49.234461
8.3891707,49.2336667
8.3886718,49.2329267
8.3882715,49.2322592
8.3882554,49.2322304
8.3878651,49.2315332
8.3874792,49.2308209
8.3873085,49.2304693
8.3869771,49.2297886
8.3866395,49.2290585
8.3865344,49.2287834
8.3863934,49.2284143
8.3861484,49.2276937
8.3860592,49.2274099
8.3860415,49.2273482
8.3860357,49.2273279
8.3860333,49.2273198
8.385921,49.2269281
8.3857636,49.2263339
8.3856105,49.2256766
8.3854813,49.2250196
8.385446,49.224826
8.3853299,49.224223
8.3852379,49.2236155
8.3851537,49.2229317
8.3850712,49.222113
8.3850105,49.2214698
8.3850299,49.2210158
8.3850527,49.2205619
8.3850836,49.220009
8.3851131,49.2195686
8.3851167,49.2195289
8.3851488,49.2191776
8.3851839,49.2188406
8.3855119,49.2167514
8.3861929,49.2138021
8.3862455,49.2135951
8.3867323,49.2116804
8.3868536,49.2103327
8.3869073,49.2097361
8.3867894,49.2070648
8.3866945,49.2062703
8.3866808,49.2061558
8.3864702,49.2043925
8.3857549,49.2015939
8.3857023,49.2013881
8.3854523,49.2004336
8.3848964,49.1983108
8.3841963,49.1955691
8.3837414,49.1938088
8.3834561,49.1927253
8.3830945,49.1913521
8.3830935,49.1913483
8.383093,49.1913464
8.3830372,49.1911345
8.3829914,49.1909589
8.3824075,49.1885459
8.3821761,49.1878478
8.3821062,49.1876564
8.3819804,49.1873118
8.381807,49.1869152
8.381617,49.1864781
8.3814568,49.1861266
8.3812522,49.1857523
8.3812187,49.1856937
8.3810944,49.1854817
8.3808489,49.1850982
8.3806299,49.1847778
8.3802547,49.1842411
8.3801818,49.184137
8.3794633,49.183189
8.3787307,49.1822589
8.3779981,49.1813423
8.3773631,49.1805701
8.3764016,49.179315
8.3761985,49.1790467
8.3748062,49.1772068
8.3741267,49.1763267
8.3735478,49.175577
8.3723408,49.1739564
8.3717306,49.1731393
8.3713766,49.1726653
8.37078,49.1718573
8.3702505,49.171162
8.3698897,49.1706925
8.3694807,49.1700871
8.369469,49.1700698
8.3690924,49.1694922
8.3688574,49.1690953
8.36873,49.1688743
8.3686635,49.1687076
8.3684974,49.168293
8.3683268,49.167868
8.3682515,49.1676803
8.3681383,49.1674189
8.3680566,49.1671037
8.3679951,49.1668156
8.3679858,49.1667705
8.3679402,49.1665501
8.3678985,49.166325
8.3678503,49.166073
8.3678056,49.1658165
8.367745,49.1651867
8.3677237,49.1649798
8.367726,49.1647955
8.3677402,49.1644853
8.3677517,49.1641257
8.3677644,49.163937
8.3678064,49.1636
8.3678522,49.1632271
8.3678859,49.163007
8.367937,49.16276
8.3680236,49.1624233
8.3681416,49.1620373
8.3682196,49.1618011
8.3682557,49.1616917
8.3683978,49.1612968
8.3684478,49.1611442
8.3686346,49.1607361
8.3689022,49.1601801
8.3690796,49.1598785
8.3691789,49.1597095
8.3694659,49.1592435
8.3696211,49.1590261
8.3696928,49.1589256
8.3700036,49.1584687
8.3700314,49.1584311
8.3701431,49.1582806
8.3703071,49.1580522
8.3704537,49.1578417
8.3705969,49.1576312
8.3708347,49.1572548
8.3710377,49.1569277
8.3712339,49.1565871
8.3714129,49.1562598
8.3716624,49.1557711
8.3717752,49.15552
8.3719907,49.1550131
8.3721464,49.1546273
8.3722142,49.1544119
8.3723328,49.1539809
8.372408,49.1537206
8.37247,49.1534287
8.3725476,49.152984
8.3725747,49.1527323
8.3726128,49.1521616
8.3726166,49.1520086
8.3726198,49.1518784
8.3726256,49.1514153
8.3726258,49.1511321
8.3726113,49.1509252
8.3725847,49.1505878
8.3725557,49.1503727
8.3725095,49.1500299
8.3723931,49.1494763
8.3723126,49.1490938
8.3722282,49.1486931
8.3721663,49.1484365
8.3719177,49.1475
8.3718884,49.1473917
8.3711876,49.1448074
8.3711306,49.1445847
8.3710985,49.1444591
8.3706424,49.1426779
8.3703751,49.1415807
8.3702815,49.1411964
8.3702059,49.1408861
8.3698271,49.1394184
8.3694676,49.1380452
8.3691445,49.1367755
8.36888,49.1357535
8.3685876,49.1344975
8.3683658,49.1336196
8.36814,49.1327294
8.3681374,49.1327192
8.3679087,49.1318502
8.3678117,49.1313956
8.3675566,49.130441
8.3674619,49.1300808
8.3673277,49.12959
8.3672734,49.129392
8.3672692,49.129377
8.3672665,49.129367
8.3672591,49.12934
8.3672581,49.1293364
8.3671018,49.128766
8.3668279,49.127681
8.366619,49.1268706
8.3662936,49.1255245
8.365868,49.1238614
8.3658662,49.1238542
8.365717,49.1231969
8.3654374,49.1220607
8.3651797,49.1210134
8.3640993,49.1168442
8.363882,49.1158989
8.3636296,49.1149896
8.3635808,49.1148137
8.3631912,49.1134133
8.3629954,49.1126569
8.3629142,49.1123147
8.3625071,49.110676
8.3624547,49.1104725
8.3622266,49.1095864
8.3619084,49.1083067
8.3619151,49.1082994
8.361644,49.1072228
8.361575,49.1069414
8.3614553,49.1064529
8.3613835,49.1061577
8.3613447,49.1059982
8.3610673,49.1049356
8.3607951,49.1040035
8.360459,49.1029855
8.3602744,49.102427
8.3600156,49.1017871
8.3600061,49.1017655
8.3597595,49.1012012
8.3595066,49.1006104
8.3594836,49.1005568
8.359184,49.0998942
8.3589544,49.0993804
8.3586706,49.0988258
8.3583797,49.0982847
8.3581524,49.0978608
8.3580241,49.0976506
8.3578138,49.0973059
8.3576612,49.097075
8.3576578,49.0970698
8.3576535,49.0970634
8.3575416,49.096894
8.3573294,49.096573
8.3571068,49.0962361
8.3570855,49.096204
8.3568535,49.0958528
8.3564234,49.09523
8.3558483,49.094431
8.3552285,49.0936542
8.3545745,49.0928773
8.3538926,49.0921406
8.35318,49.0914038
8.3530362,49.0912591
8.3530267,49.0912495
8.3530189,49.0912416
8.3529508,49.091173
8.3524569,49.0906758
8.3521802,49.0903951
8.3521758,49.0903906
8.3521721,49.0903869
8.3521704,49.0903852
8.3517171,49.0899254
8.3517131,49.0899215
8.3509599,49.0891928
8.3509113,49.0891474
8.3507469,49.0889937
8.3502435,49.0884873
8.3494148,49.0877319
8.34862,49.0870035
8.3478113,49.0862886
8.3470096,49.0855737
8.3461803,49.0848676
8.3453511,49.0841615
8.3445321,49.0834555
8.3436959,49.0827639
8.3436892,49.0827583
8.3428326,49.0820566
8.3417349,49.0812141
8.3405602,49.0803448
8.3400368,49.0799588
8.3393373,49.0794443
8.3393286,49.0794379
8.3383493,49.0787129
8.3362711,49.0772488
8.3346302,49.0761291
8.3334803,49.0753444
8.3327003,49.0748183
8.3317545,49.0741565
8.3316358,49.0740793
8.3299043,49.0728149
8.3281603,49.071465
8.3268233,49.0703916
8.3255582,49.0693187
8.3255543,49.0693153
8.3247331,49.068599
8.3230664,49.0671235
8.3214513,49.0656394
8.3206782,49.0648795
8.3199086,49.0641106
8.3191596,49.0633464
8.3188832,49.063048
8.3184483,49.0625734
8.3177305,49.0617823
8.3177294,49.0617811
8.3170298,49.0609914
8.31636,49.0601916
8.3157004,49.0594009
8.3139746,49.057291
8.3131079,49.0561394
8.3130609,49.0560761
8.3125101,49.05534
8.3113531,49.0536696
8.3113529,49.0536692
8.3107832,49.0528344
8.3098563,49.0513542
8.3094248,49.0506502
8.3085418,49.0491254
8.3085397,49.0491218
8.308189,49.0485162
8.3072755,49.0468157
8.3064908,49.0452059
8.3064242,49.0450751
8.3064233,49.0450732
8.3062249,49.0446539
8.3060123,49.0442049
8.3053786,49.0428073
8.3051088,49.0421761
8.3047295,49.0412928
8.3047309,49.0412916
8.3044944,49.0407383
8.3041715,49.0398642
8.303584,49.0381072
8.3032475,49.0369811
8.3030732,49.0363266
8.3028349,49.035432
8.302409,49.0336175
8.3020545,49.0318304
8.3018962,49.0309258
8.3016103,49.0291211
8.3013524,49.0273242
8.3012241,49.0264301
8.3009071,49.0246568
8.3005315,49.0229145
8.3000878,49.0211629
8.2995722,49.0194198
8.2992921,49.0185507
8.2992905,49.0185458
8.2989835,49.0176889
8.2986755,49.0168291
8.2980195,49.0151121
8.2976692,49.0142602
8.2973152,49.0134263
8.2969207,49.0125651
8.2965123,49.0117174
8.2963667,49.0114195
8.2961004,49.0108741
8.2957737,49.0102617
8.2956576,49.0100441
8.2956564,49.010042
8.2952079,49.0092186
8.2950641,49.0089708
8.2948676,49.008632
8.2947174,49.0083793
8.2943726,49.0077949
8.2942435,49.0075761
8.293739,49.0067638
8.2932174,49.0059558
8.2932154,49.0059551
8.2926957,49.0051523
8.2910012,49.0027185
8.2904328,49.0019482
8.2904246,49.0019371
8.2890598,49.0001213
8.2876641,48.9984379
8.287661,48.9984341
8.2876531,48.9984247
8.2876323,48.9983995
8.2871808,48.9978866
8.2871647,48.9978683
8.2871616,48.9978648
8.2871596,48.9978625
8.2867639,48.997413
8.2866573,48.997292
8.2859572,48.9965548
8.2852399,48.9958309
8.2844507,48.9951112
8.2836713,48.9944257
8.2836579,48.9944139
8.2828341,48.9937298
8.2811108,48.9924108
8.2793054,48.9911091
8.2783922,48.9904785
8.2774411,48.9898655
8.2774106,48.9898474
8.2754908,48.9886753
8.2745007,48.9881182
8.2734545,48.9875295
8.2733559,48.9874753
8.2721329,48.9868018
8.2712351,48.9863194
8.2686943,48.9849538
8.2681711,48.9846726
8.2652872,48.9831337
8.264982,48.9829708
8.2639586,48.9824202
8.2639429,48.9824118
8.2615351,48.9811338
8.2607291,48.9807046
8.2564901,48.9784428
8.2540076,48.9771124
8.2538576,48.977032
8.2532775,48.9767193
8.2511812,48.9755894
8.2501209,48.9750205
8.2490707,48.9744561
8.2469433,48.9733183
8.2448297,48.9721759
8.2427341,48.9710483
8.2416661,48.9704736
8.2393771,48.9692439
8.2387669,48.9689169
8.2381328,48.9686249
8.2373839,48.9682513
8.2368506,48.9680112
8.2368017,48.9679891
8.2365734,48.9678863
8.2346862,48.9671544
8.2325927,48.9664511
8.2324968,48.9664187
8.2318082,48.966205
8.229763,48.9655705
8.2276612,48.9650394
8.2252953,48.9645239
8.22529,48.9645227
8.2252844,48.9645215
8.2250898,48.9644791
8.2216145,48.9637218
8.2192417,48.9632133
8.2125579,48.9617794
8.2060983,48.9603953
8.2041676,48.9599815
8.2033143,48.9597698
8.2020465,48.9594003
8.2009136,48.95903
8.1996317,48.9585313
8.1982314,48.9578375
8.1972807,48.9572432
8.1971292,48.9571233
8.1967305,48.9568078
8.1961211,48.9563254
8.1953926,48.9556717
8.1949747,48.9552599
8.1943068,48.9546019
8.1929146,48.9531396
8.1923284,48.9524901
8.1916854,48.9516791
8.190591,48.9501011
8.1885758,48.9471187
8.1848924,48.9416665
8.1847542,48.9414764
8.1828016,48.9387902
8.1821722,48.9379244
8.1802746,48.9356539
8.1788816,48.9340343
8.1771657,48.9323282
8.1765315,48.9316976
8.1764984,48.9316652
8.1756486,48.9308365
8.173731,48.9289664
8.167768,48.923609
8.1671285,48.9230343
8.1649837,48.921107
8.1636858,48.9199406
